SchemaName,TableName,ColumnName,OrdinalPosition,DataType,MaxLength,Precision,Scale,IsNullable,DefaultValue,IsIdentity,IsComputed,FKReferences,Notes
dbo,Roles,RoleID,1,INT,,10,0,NO,,YES,NO,,PK
dbo,Roles,RoleName,2,NVARCHAR,50,,,NO,,,NO,,
dbo,CoSo,CoSoID,1,INT,,10,0,NO,,YES,NO,,PK
dbo,CoSo,TenCoSo,2,NVARCHAR,255,,,YES,,,NO,,
dbo,CoSo,DiaChi,3,NVARCHAR,500,,,YES,,,NO,,
dbo,CoSo,SoDienThoai,4,NVARCHAR,20,,,YES,,,NO,,
dbo,CoSo,TrangThai,5,NVARCHAR,50,,,YES,,,NO,,
dbo,CoSo,GioMoCua,6,TIME,,,,,YES,,,NO,,
dbo,CoSo,GioDongCua,7,TIME,,,,,YES,,,NO,,
dbo,CoSo,HinhAnh,8,NVARCHAR,500,,,YES,,,NO,,
dbo,CoSo,MoTa,9,NVARCHAR,MAX,,,YES,,,NO,,
dbo,CoSo,LoaiHinhKinhDoanh,10,NVARCHAR,100,,,YES,,,NO,,
dbo,CoSo,SoLuongSanDuKien,11,INT,,10,0,YES,,,NO,,
dbo,CoSo,AccountID_QuanLy,12,INT,,10,0,YES,,,NO,dbo.Accounts(AccountID),FK added after Accounts created
dbo,CoSo,PayOS_ClientID,13,NVARCHAR,500,,,YES,,,NO,,migration_payos_config - SENSITIVE credential column
dbo,CoSo,PayOS_ApiKey,14,NVARCHAR,500,,,YES,,,NO,,migration_payos_config - SENSITIVE credential column
dbo,CoSo,PayOS_ChecksumKey,15,NVARCHAR,500,,,YES,,,NO,,migration_payos_config - SENSITIVE credential column
dbo,CoSo,ViDo,16,DECIMAL,,12,9,YES,,,NO,,migration_facility_geolocation
dbo,CoSo,KinhDo,17,DECIMAL,,12,9,YES,,,NO,,migration_facility_geolocation
dbo,CoSo,IsDeleted,18,BIT,,,,,YES,0,,NO,,migration_soft_delete
dbo,CoSo,DeletedAt,19,DATETIME,,,,,YES,,,NO,,migration_soft_delete
dbo,CoSo,DeletedBy,20,INT,,10,0,YES,,,NO,,migration_soft_delete
dbo,Accounts,AccountID,1,INT,,10,0,NO,,YES,NO,,PK
dbo,Accounts,Username,2,VARCHAR,50,,,YES,,,NO,,UNIQUE NULL
dbo,Accounts,Password,3,VARCHAR,MAX,,,NO,,,NO,,BCrypt hashed
dbo,Accounts,FailedLoginCount,4,TINYINT,,3,0,YES,,,NO,,
dbo,Accounts,IsLocked,5,BIT,,,,,YES,,,NO,,
dbo,Accounts,LastLogin,6,DATETIME,,,,,YES,,,NO,,
dbo,Accounts,GoogleID,7,VARCHAR,100,,,YES,,,NO,,UNIQUE NULL
dbo,Accounts,FacebookID,8,VARCHAR,100,,,YES,,,NO,,UNIQUE NULL
dbo,Accounts,FullName,9,NVARCHAR,255,,,YES,,,NO,,
dbo,Accounts,PhoneNumber,10,NVARCHAR,20,,,YES,,,NO,,
dbo,Accounts,Email,11,VARCHAR,100,,,YES,,,NO,,UNIQUE NULL
dbo,Accounts,RoleID,12,INT,,10,0,YES,,,NO,dbo.Roles(RoleID),FK
dbo,Accounts,CoSoID,13,INT,,10,0,YES,,,NO,dbo.CoSo(CoSoID),FK NULL
dbo,Accounts,ZaloID,14,NVARCHAR,100,,,YES,,,NO,,
dbo,Accounts,MessengerID,15,NVARCHAR,100,,,YES,,,NO,,
dbo,Accounts,DiemUyTin,16,INT,,10,0,YES,100,,NO,,DEFAULT 100
dbo,Accounts,DiemTrinhDo,17,INT,,10,0,YES,1000,,NO,,DEFAULT 1000 (ELO score)
dbo,Accounts,MaNganHang,18,NVARCHAR,50,,,YES,,,NO,,
dbo,Accounts,SoTaiKhoan,19,NVARCHAR,50,,,YES,,,NO,,
dbo,Accounts,ViTriSoTruong,20,NVARCHAR,100,,,YES,,,NO,,
dbo,Accounts,NhanThongBaoSOS,21,BIT,,,,,YES,1,,NO,,DEFAULT 1
dbo,Accounts,NgaySinh,22,DATE,,,,,YES,,,NO,,
dbo,Accounts,GioiTinh,23,NVARCHAR,10,,,YES,,,NO,,
dbo,Accounts,CreatedAt,24,DATETIME,,,,,YES,,,NO,,
dbo,Accounts,AvatarUrl,25,NVARCHAR,500,,,YES,,,NO,,migration_avatar_url
dbo,Accounts,DeletedAt,26,DATETIME,,,,,YES,,,NO,,migration_soft_delete
dbo,Accounts,DeletedBy,27,INT,,10,0,YES,,,NO,,migration_soft_delete
dbo,Accounts,LateCancelCount,28,INT,,10,0,YES,0,,NO,,migration_customer_reputation_cancel_flow
dbo,Accounts,NoShowCount,29,INT,,10,0,YES,0,,NO,,migration_customer_reputation_cancel_flow
dbo,Accounts,CompletedBookingCount,30,INT,,10,0,YES,0,,NO,,migration_customer_reputation_cancel_flow
dbo,Accounts,NhanThongBaoMarketing,31,BIT,,,,,YES,1,,NO,,migration_notification_marketing_refund_review
dbo,Accounts,CoverImageUrl,32,NVARCHAR,500,,,YES,,,NO,,migration_customer_profile
dbo,Accounts,ChieuCaoCm,33,INT,,10,0,YES,,,NO,,migration_customer_profile CHECK(50-260)
dbo,Accounts,CanNangKg,34,INT,,10,0,YES,,,NO,,migration_customer_profile CHECK(20-300)
dbo,Accounts,GhiChuDacBiet,35,NVARCHAR,MAX,,,YES,,,NO,,migration_customer_profile
dbo,Accounts,ViTriYeuThich,36,NVARCHAR,255,,,YES,,,NO,,migration_customer_profile
dbo,Accounts,MonTheThaoYeuThichID,37,INT,,10,0,YES,,,NO,dbo.MonTheThao(MonTheThaoID),migration_customer_profile FK
dbo,Accounts,TrinhDoChoi,38,VARCHAR,30,,,YES,,,NO,,migration_customer_profile CHECK(Mới chơi|Cơ bản|Trung bình|Khá|Nâng cao)
dbo,Accounts,MucTieuChoi,39,NVARCHAR,500,,,YES,,,NO,,migration_customer_profile
dbo,Accounts,TanSuatChoi,40,VARCHAR,30,,,YES,,,NO,,migration_customer_profile CHECK values
dbo,MonTheThao,MonTheThaoID,1,INT,,10,0,NO,,YES,NO,,PK
dbo,MonTheThao,TenMon,2,NVARCHAR,50,,,NO,,,NO,,
dbo,MonTheThaoYeuThich,AccountID,1,INT,,10,0,NO,,,NO,dbo.Accounts(AccountID),PK composite + FK ON DELETE CASCADE
dbo,MonTheThaoYeuThich,MonTheThaoID,2,INT,,10,0,NO,,,NO,dbo.MonTheThao(MonTheThaoID),PK composite + FK ON DELETE CASCADE
dbo,MonTheThaoYeuThich,NgayThem,3,DATETIME,,,,,YES,,,NO,,
dbo,LoaiSan,LoaiSanID,1,INT,,10,0,NO,,YES,NO,,PK
dbo,LoaiSan,MonTheThaoID,2,INT,,10,0,YES,,,NO,dbo.MonTheThao(MonTheThaoID),FK
dbo,LoaiSan,TenLoai,3,NVARCHAR,100,,,YES,,,NO,,
dbo,LoaiSan,GiaKhongDen,4,DECIMAL,,18,2,YES,,,NO,,Giá không đèn
dbo,LoaiSan,GiaCoDen,5,DECIMAL,,18,2,YES,,,NO,,Giá có đèn
dbo,LoaiSan,GioBatDauLenDen,6,TIME,,,,,YES,17:30:00,,NO,,DEFAULT 17:30:00
dbo,LoaiSan,GioKetThucLenDen,7,TIME,,,,,YES,,,NO,,migration_court_checkout
dbo,LoaiSan,IsDeleted,8,BIT,,,,,YES,0,,NO,,migration_soft_delete
dbo,LoaiSan,DeletedAt,9,DATETIME,,,,,YES,,,NO,,migration_soft_delete
dbo,LoaiSan,DeletedBy,10,INT,,10,0,YES,,,NO,,migration_soft_delete
dbo,San,SanID,1,INT,,10,0,NO,,YES,NO,,PK
dbo,San,TenSan,2,NVARCHAR,100,,,YES,,,NO,,
dbo,San,LoaiSanID,3,INT,,10,0,YES,,,NO,dbo.LoaiSan(LoaiSanID),FK
dbo,San,CoSoID,4,INT,,10,0,NO,,,NO,dbo.CoSo(CoSoID),FK NOT NULL
dbo,San,TrangThai,5,NVARCHAR,50,,,YES,Sẵn sàng,,NO,,
dbo,San,MoTa,6,NVARCHAR,MAX,,,YES,,,NO,,
dbo,San,HinhAnh,7,NVARCHAR,500,,,YES,,,NO,,
dbo,San,IsDeleted,8,BIT,,,,,YES,0,,NO,,migration_soft_delete
dbo,San,DeletedAt,9,DATETIME,,,,,YES,,,NO,,migration_soft_delete
dbo,San,DeletedBy,10,INT,,10,0,YES,,,NO,,migration_soft_delete
dbo,DanhMucSanPham,DanhMucID,1,INT,,10,0,NO,,YES,NO,,PK
dbo,DanhMucSanPham,TenDanhMuc,2,NVARCHAR,100,,,NO,,,NO,,
dbo,SanPham_DichVu,SanPhamID,1,INT,,10,0,NO,,YES,NO,,PK
dbo,SanPham_DichVu,DanhMucID,2,INT,,10,0,YES,,,NO,dbo.DanhMucSanPham(DanhMucID),FK
dbo,SanPham_DichVu,CoSoID,3,INT,,10,0,YES,,,NO,dbo.CoSo(CoSoID),FK
dbo,SanPham_DichVu,TenSanPham,4,NVARCHAR,200,,,YES,,,NO,,
dbo,SanPham_DichVu,DonGia,5,DECIMAL,,18,2,YES,,,NO,,
dbo,SanPham_DichVu,DonViTinh,6,NVARCHAR,50,,,YES,,,NO,,
dbo,SanPham_DichVu,SoLuongTon,7,INT,,10,0,YES,0,,NO,,
dbo,SanPham_DichVu,TrangThai,8,NVARCHAR,50,,,YES,,,NO,,
dbo,SanPham_DichVu,IsDeleted,9,BIT,,,,,YES,0,,NO,,migration_soft_delete
dbo,SanPham_DichVu,DeletedAt,10,DATETIME,,,,,YES,,,NO,,migration_soft_delete
dbo,SanPham_DichVu,DeletedBy,11,INT,,10,0,YES,,,NO,,migration_soft_delete
dbo,LichDatSan,DatSanID,1,INT,,10,0,NO,,YES,NO,,PK - central booking table
dbo,LichDatSan,AccountID,2,INT,,10,0,YES,,,NO,dbo.Accounts(AccountID),FK
dbo,LichDatSan,SanID,3,INT,,10,0,YES,,,NO,dbo.San(SanID),FK
dbo,LichDatSan,NgayDat,4,DATE,,,,,YES,,,NO,,
dbo,LichDatSan,GioBatDau,5,TIME,,,,,YES,,,NO,,
dbo,LichDatSan,GioKetThuc,6,TIME,,,,,YES,,,NO,,
dbo,LichDatSan,ApDungGiaCoDen,7,BIT,,,,,YES,0,,NO,,DEFAULT 0
dbo,LichDatSan,TongTienDuKien,8,DECIMAL,,18,2,YES,,,NO,,
dbo,LichDatSan,TrangThai,9,NVARCHAR,50,,,YES,Chờ xác nhận,,NO,,
dbo,LichDatSan,GhiChu,10,NVARCHAR,500,,,YES,,,NO,,
dbo,LichDatSan,NguonDatSan,11,NVARCHAR,50,,,YES,,,NO,,
dbo,LichDatSan,IsDeleted,12,BIT,,,,,YES,0,,NO,,migration_soft_delete
dbo,LichDatSan,DeletedAt,13,DATETIME,,,,,YES,,,NO,,migration_soft_delete
dbo,LichDatSan,DeletedBy,14,INT,,10,0,YES,,,NO,,migration_soft_delete
dbo,LichDatSan,HoldExpiresAt,15,DATETIME2,,,,,YES,,,NO,,migration_reservation_hold
dbo,LichDatSan,DepositAmount,16,DECIMAL,,18,2,YES,,,NO,,migration_reservation_hold
dbo,LichDatSan,PaymentMethodConfirmed,17,NVARCHAR,50,,,YES,,,NO,,migration_reservation_hold
dbo,LichDatSan,TransactionCode,18,NVARCHAR,100,,,YES,,,NO,,migration_reservation_hold
dbo,LichDatSan,ConfirmedAt,19,DATETIME2,,,,,YES,,,NO,,migration_reservation_hold
dbo,LichDatSan,ConfirmedBy,20,INT,,10,0,YES,,,NO,dbo.Accounts(AccountID),migration_reservation_hold FK
dbo,LichDatSan,ConfirmSource,21,NVARCHAR,20,,,YES,,,NO,,migration_reservation_hold
dbo,LichDatSan,NoShowAt,22,DATETIME2,,,,,YES,,,NO,,migration_reservation_hold
dbo,LichDatSan,CancelType,23,NVARCHAR,50,,,YES,,,NO,,migration_customer_reputation_cancel_flow
dbo,LichDatSan,CancelReason,24,NVARCHAR,500,,,YES,,,NO,,migration_customer_reputation_cancel_flow
dbo,LichDatSan,CancelledAt,25,DATETIME2,,,,,YES,,,NO,,migration_customer_reputation_cancel_flow
dbo,LichDatSan,CancelledBy,26,INT,,10,0,YES,,,NO,dbo.Accounts(AccountID),migration_customer_reputation_cancel_flow FK
dbo,LichDatSan,RequiresRefundReview,27,BIT,,,,,YES,0,,NO,,migration_customer_reputation_cancel_flow
dbo,LichDatSan,ActualStartAt,28,DATETIME2,,,,,YES,,,NO,,migration_court_checkout
dbo,LichDatSan,ActualEndAt,29,DATETIME2,,,,,YES,,,NO,,migration_court_checkout
dbo,LichDatSan,PricingFinalizedAt,30,DATETIME2,,,,,YES,,,NO,,migration_court_checkout
dbo,LichDatSan,PayosOrderCode,31,BIGINT,,19,0,YES,,,NO,,migrate_customer_embedded_payos_payment
dbo,LichDatSan,PayosPaymentLinkId,32,VARCHAR,255,,,YES,,,NO,,migrate_customer_embedded_payos_payment
dbo,LichDatSan,PayosQrPayload,33,NVARCHAR,MAX,,,YES,,,NO,,migrate_customer_embedded_payos_payment
dbo,LichDatSan,PayosCheckoutUrl,34,NVARCHAR,1024,,,YES,,,NO,,migrate_customer_embedded_payos_payment
dbo,LichDatSan,PayosBin,35,VARCHAR,20,,,YES,,,NO,,migrate_customer_embedded_payos_payment
dbo,LichDatSan,PayosAccountNumber,36,VARCHAR,64,,,YES,,,NO,,migrate_customer_embedded_payos_payment
dbo,LichDatSan,PayosAccountName,37,NVARCHAR,255,,,YES,,,NO,,migrate_customer_embedded_payos_payment
dbo,LichDatSan,PayosAmount,38,DECIMAL,,18,2,YES,,,NO,,migrate_customer_embedded_payos_payment
dbo,LichDatSan,PayosDescription,39,NVARCHAR,255,,,YES,,,NO,,migrate_customer_embedded_payos_payment
dbo,LichDatSan,PayosExpiresAt,40,DATETIME2,,,,,YES,,,NO,,migrate_customer_embedded_payos_payment
dbo,GhepKeo,KeoID,1,INT,,10,0,NO,,YES,NO,,PK
dbo,GhepKeo,DatSanID,2,INT,,10,0,YES,,,NO,dbo.LichDatSan(DatSanID),FK
dbo,GhepKeo,AccountID_NguoiTao,3,INT,,10,0,YES,,,NO,dbo.Accounts(AccountID),FK
dbo,GhepKeo,MonTheThaoID,4,INT,,10,0,YES,,,NO,dbo.MonTheThao(MonTheThaoID),FK
dbo,GhepKeo,MoTa,5,NVARCHAR,MAX,,,YES,,,NO,,
dbo,GhepKeo,TrinhDo,6,NVARCHAR,50,,,YES,,,NO,,
dbo,GhepKeo,TrangThai,7,NVARCHAR,50,,,YES,Đang tìm,,NO,,
dbo,GhepKeo,SoNguoiCanTim,8,INT,,10,0,YES,,,NO,,migration_matchmaking_complete_flow
dbo,GhepKeo,HinhThucDuyet,9,NVARCHAR,20,,,YES,,,NO,,migration_matchmaking_complete_flow
dbo,GhepKeo,CreatedAt,10,DATETIME2,,,,,YES,,,NO,,migration_matchmaking_complete_flow
dbo,GhepKeo,TeamIDNguoiTao,11,INT,,10,0,YES,,,NO,dbo.Teams(TeamID),migration_team_management FK
dbo,ChiTietGhepKeo,ChiTietKeoID,1,INT,,10,0,NO,,YES,NO,,PK
dbo,ChiTietGhepKeo,KeoID,2,INT,,10,0,YES,,,NO,dbo.GhepKeo(KeoID),FK
dbo,ChiTietGhepKeo,AccountID_NguoiThamGia,3,INT,,10,0,YES,,,NO,dbo.Accounts(AccountID),FK
dbo,ChiTietGhepKeo,TrangThaiThamGia,4,NVARCHAR,50,,,YES,Chờ duyệt,,NO,,
dbo,ChiTietGhepKeo,ViTriThamGia,5,NVARCHAR,100,,,YES,,,NO,,
dbo,ChiTietGhepKeo,TeamIDNguoiThamGia,6,INT,,10,0,YES,,,NO,dbo.Teams(TeamID),migration_team_management FK
dbo,DanhGia,DanhGiaID,1,INT,,10,0,NO,,YES,NO,,PK
dbo,DanhGia,DatSanID,2,INT,,10,0,YES,,,NO,dbo.LichDatSan(DatSanID),FK
dbo,DanhGia,AccountID_NguoiDanhGia,3,INT,,10,0,YES,,,NO,dbo.Accounts(AccountID),FK
dbo,DanhGia,AccountID_NguoiBiDanhGia,4,INT,,10,0,YES,,,NO,dbo.Accounts(AccountID),FK NULL
dbo,DanhGia,SoSao,5,INT,,10,0,YES,,,NO,,CHECK(1-5)
dbo,DanhGia,BinhLuan,6,NVARCHAR,MAX,,,YES,,,NO,,
dbo,DanhGia,NgayDanhGia,7,DATETIME,,,,,YES,,,NO,,
dbo,LichSuELO,LichSuELOID,1,INT,,10,0,NO,,YES,NO,,PK
dbo,LichSuELO,AccountID,2,INT,,10,0,YES,,,NO,dbo.Accounts(AccountID),FK
dbo,LichSuELO,DatSanID,3,INT,,10,0,YES,,,NO,dbo.LichDatSan(DatSanID),FK NULL
dbo,LichSuELO,DiemTruoc,4,INT,,10,0,YES,,,NO,,
dbo,LichSuELO,DiemSau,5,INT,,10,0,YES,,,NO,,
dbo,LichSuELO,ThayDoi,6,INT,,10,0,YES,,,NO,,
dbo,LichSuELO,LyDo,7,NVARCHAR,255,,,YES,,,NO,,
dbo,LichSuELO,ThoiGian,8,DATETIME,,,,,YES,,,NO,,
dbo,NhatKyChat,NhatKyChatID,1,INT,,10,0,NO,,YES,NO,,PK
dbo,NhatKyChat,AccountID,2,INT,,10,0,YES,,,NO,dbo.Accounts(AccountID),FK NULL
dbo,NhatKyChat,Kenh,3,NVARCHAR,50,,,YES,,,NO,,
dbo,NhatKyChat,TurnSo,4,INT,,10,0,YES,,,NO,,
dbo,NhatKyChat,VaiTro,5,NVARCHAR,20,,,YES,,,NO,,
dbo,NhatKyChat,NoiDung,6,NVARCHAR,MAX,,,YES,,,NO,,
dbo,NhatKyChat,TrangThaiBot,7,NVARCHAR,50,,,YES,,,NO,,
dbo,NhatKyChat,ThoiGian,8,DATETIME,,,,,YES,,,NO,,
dbo,TheGiuXe,TheID,1,INT,,10,0,NO,,YES,NO,,PK
dbo,TheGiuXe,CoSoID,2,INT,,10,0,YES,,,NO,dbo.CoSo(CoSoID),FK
dbo,TheGiuXe,MaSoThe,3,VARCHAR,20,,,YES,,,NO,,
dbo,TheGiuXe,LoaiXe,4,NVARCHAR,50,,,YES,,,NO,,
dbo,TheGiuXe,TrangThai,5,NVARCHAR,50,,,YES,Trống,,NO,,
dbo,TheGiuXe,SucChua,6,INT,,10,0,YES,,,NO,,
dbo,TheGiuXe,GiaVeTheoLuot,7,DECIMAL,,18,2,YES,0,,NO,,
dbo,LichXeRaVao,LichXeID,1,INT,,10,0,NO,,YES,NO,,PK
dbo,LichXeRaVao,TheID,2,INT,,10,0,YES,,,NO,dbo.TheGiuXe(TheID),FK
dbo,LichXeRaVao,DatSanID,3,INT,,10,0,YES,,,NO,dbo.LichDatSan(DatSanID),FK NULL
dbo,LichXeRaVao,BienSoXe,4,NVARCHAR,20,,,YES,,,NO,,
dbo,LichXeRaVao,KieuGuiXe,5,NVARCHAR,50,,,YES,,,NO,,
dbo,LichXeRaVao,GioVao,6,DATETIME,,,,,YES,,,NO,,
dbo,LichXeRaVao,GioRa,7,DATETIME,,,,,YES,,,NO,,
dbo,LichXeRaVao,PhiGuiXe,8,DECIMAL,,18,2,YES,0,,NO,,
dbo,LichXeRaVao,AccountID_NhanVien,9,INT,,10,0,YES,,,NO,dbo.Accounts(AccountID),FK NULL
dbo,KhuyenMai,KhuyenMaiID,1,INT,,10,0,NO,,YES,NO,,PK
dbo,KhuyenMai,MaCode,2,VARCHAR,50,,,YES,,,NO,,UNIQUE
dbo,KhuyenMai,MoTa,3,NVARCHAR,MAX,,,YES,,,NO,,
dbo,KhuyenMai,LoaiGiam,4,NVARCHAR,50,,,YES,,,NO,,
dbo,KhuyenMai,GiaTriGiam,5,DECIMAL,,18,2,YES,,,NO,,
dbo,KhuyenMai,NgayBatDau,6,DATE,,,,,YES,,,NO,,
dbo,KhuyenMai,NgayKetThuc,7,DATE,,,,,YES,,,NO,,
dbo,KhuyenMai,SoLanToiDa,8,INT,,10,0,YES,,,NO,,NULL = unlimited
dbo,KhuyenMai,SoLanDaDung,9,INT,,10,0,YES,0,,NO,,
dbo,KhuyenMai,CoSoID,10,INT,,10,0,YES,,,NO,dbo.CoSo(CoSoID),FK NULL = all facilities
dbo,KhuyenMai,TrangThai,11,NVARCHAR,50,,,YES,Hoạt động,,NO,,
dbo,KhuyenMai,GiaTriToiThieu,12,DECIMAL,,18,2,YES,,,NO,,migration_promotional_codes
dbo,KhuyenMai,GiamToiDa,13,DECIMAL,,18,2,YES,,,NO,,migration_promotional_codes
dbo,KhuyenMai,HienThiCongKhai,14,BIT,,,,,YES,,,NO,,migration_khuyenmai_hinhanh
dbo,HoaDon,HoaDonID,1,INT,,10,0,NO,,YES,NO,,PK
dbo,HoaDon,DatSanID,2,INT,,10,0,YES,,,NO,dbo.LichDatSan(DatSanID),FK NULL
dbo,HoaDon,AccountID_KhachHang,3,INT,,10,0,YES,,,NO,dbo.Accounts(AccountID),FK
dbo,HoaDon,AccountID_NhanVien,4,INT,,10,0,YES,,,NO,dbo.Accounts(AccountID),FK
dbo,HoaDon,NgayLap,5,DATETIME,,,,,YES,,,NO,,
dbo,HoaDon,TongTienSan,6,DECIMAL,,18,2,YES,,,NO,,
dbo,HoaDon,TongTienDichVu,7,DECIMAL,,18,2,YES,,,NO,,
dbo,HoaDon,PhiGuiXe,8,DECIMAL,,18,2,YES,,,NO,,
dbo,HoaDon,KhuyenMaiID,9,INT,,10,0,YES,,,NO,dbo.KhuyenMai(KhuyenMaiID),FK NULL
dbo,HoaDon,GiamGia,10,DECIMAL,,18,2,YES,,,NO,,
dbo,HoaDon,TongThanhToan,11,DECIMAL,,18,2,YES,,,NO,,
dbo,HoaDon,PhuongThucThanhToan,12,NVARCHAR,50,,,YES,,,NO,,
dbo,HoaDon,TrangThaiThanhToan,13,NVARCHAR,50,,,YES,,,NO,,
dbo,HoaDon,LoaiHoaDon,14,NVARCHAR,50,,,YES,MAIN,,NO,,migration_hoadon_loai DEFAULT 'MAIN'
dbo,HoaDon,ParentHoaDonID,15,INT,,10,0,YES,,,NO,dbo.HoaDon(HoaDonID),migration_hoadon_loai self-referencing FK
dbo,HoaDon,GhiChu,16,NVARCHAR,500,,,YES,,,NO,,migration_hoadon_loai
dbo,HoaDon,PaymentReference,17,NVARCHAR,255,,,YES,,,NO,,migration_bank_transfer
dbo,ChiTietHoaDon,ChiTietID,1,INT,,10,0,NO,,YES,NO,,PK
dbo,ChiTietHoaDon,HoaDonID,2,INT,,10,0,YES,,,NO,dbo.HoaDon(HoaDonID),FK
dbo,ChiTietHoaDon,SanPhamID,3,INT,,10,0,YES,,,NO,dbo.SanPham_DichVu(SanPhamID),FK
dbo,ChiTietHoaDon,SoLuong,4,INT,,10,0,YES,,,NO,,
dbo,ChiTietHoaDon,DonGiaTaiThoiDiemBan,5,DECIMAL,,18,2,YES,,,NO,,
dbo,ChiTietHoaDon,ThanhTien,6,DECIMAL,,18,2,YES,,,NO,,
dbo,ChiaHoaDon,ChiaHoaDonID,1,INT,,10,0,NO,,YES,NO,,PK - DEAD CODE (replaced by NhomChiaTien)
dbo,ChiaHoaDon,HoaDonID,2,INT,,10,0,YES,,,NO,dbo.HoaDon(HoaDonID),FK
dbo,ChiaHoaDon,AccountID,3,INT,,10,0,YES,,,NO,dbo.Accounts(AccountID),FK
dbo,ChiaHoaDon,SoTienPhanBo,4,DECIMAL,,18,2,YES,,,NO,,
dbo,ChiaHoaDon,DaTra,5,BIT,,,,,YES,0,,NO,,
dbo,ChiaHoaDon,ThoiGianTra,6,DATETIME,,,,,YES,,,NO,,
dbo,ChiaHoaDon,GhiChu,7,NVARCHAR,500,,,YES,,,NO,,
dbo,MaQR,MaQRID,1,INT,,10,0,NO,,YES,NO,,PK
dbo,MaQR,ChiaHoaDonID,2,INT,,10,0,YES,,,NO,dbo.ChiaHoaDon(ChiaHoaDonID),FK
dbo,MaQR,NoiDungQR,3,NVARCHAR,MAX,,,YES,,,NO,,
dbo,MaQR,NgayTao,4,DATETIME,,,,,YES,,,NO,,
dbo,MaQR,NgayHetHan,5,DATETIME,,,,,YES,,,NO,,
dbo,MaQR,DaQuet,6,BIT,,,,,YES,0,,NO,,
dbo,YeuCauSOS,YeuCauSOSID,1,INT,,10,0,NO,,YES,NO,,PK
dbo,YeuCauSOS,AccountID_Tao,2,INT,,10,0,YES,,,NO,dbo.Accounts(AccountID),FK
dbo,YeuCauSOS,DatSanID,3,INT,,10,0,YES,,,NO,dbo.LichDatSan(DatSanID),FK NULL
dbo,YeuCauSOS,MonTheThaoID,4,INT,,10,0,YES,,,NO,dbo.MonTheThao(MonTheThaoID),FK NULL
dbo,YeuCauSOS,SoNguoiCanTuyen,5,INT,,10,0,YES,,,NO,,
dbo,YeuCauSOS,ViTriCanTuyen,6,NVARCHAR,100,,,YES,,,NO,,
dbo,YeuCauSOS,GhiChu,7,NVARCHAR,MAX,,,YES,,,NO,,
dbo,YeuCauSOS,TrangThai,8,NVARCHAR,50,,,YES,Đang tuyển,,NO,,
dbo,YeuCauSOS,ThoiGianTao,9,DATETIME,,,,,YES,,,NO,,
dbo,NhatKySOSGui,NhatKySOSGuiID,1,INT,,10,0,NO,,YES,NO,,PK
dbo,NhatKySOSGui,YeuCauSOSID,2,INT,,10,0,YES,,,NO,dbo.YeuCauSOS(YeuCauSOSID),FK
dbo,NhatKySOSGui,AccountID_NhanGui,3,INT,,10,0,YES,,,NO,dbo.Accounts(AccountID),FK
dbo,NhatKySOSGui,ThoiGianGui,4,DATETIME,,,,,YES,,,NO,,
dbo,NhatKySOSGui,DaXem,5,BIT,,,,,YES,0,,NO,,
dbo,NhatKySOSGui,PhanHoi,6,NVARCHAR,MAX,,,YES,,,NO,,
dbo,ThongBao,ThongBaoID,1,INT,,10,0,NO,,YES,NO,,PK
dbo,ThongBao,AccountID,2,INT,,10,0,YES,,,NO,dbo.Accounts(AccountID),FK
dbo,ThongBao,TieuDe,3,NVARCHAR,200,,,YES,,,NO,,
dbo,ThongBao,NoiDung,4,NVARCHAR,MAX,,,YES,,,NO,,
dbo,ThongBao,LoaiThongBao,5,NVARCHAR,50,,,YES,,,NO,,
dbo,ThongBao,DaDoc,6,BIT,,,,,YES,0,,NO,,
dbo,ThongBao,ThoiGianGui,7,DATETIME,,,,,YES,,,NO,,
dbo,ThongBao,MaBanGhi,8,NVARCHAR,100,,,YES,,,NO,,migration_thongbao_table - for dedup UQ
dbo,ThongBao,DuongDan,9,NVARCHAR,500,,,YES,,,NO,,migration_thongbao_table
dbo,ThongBao,IsDeleted,10,BIT,,,,,YES,0,,NO,,migration_thongbao_table / migration_soft_delete
dbo,ThongBao,DeletedAt,11,DATETIME,,,,,YES,,,NO,,migration_soft_delete
dbo,ThongBao,DeletedBy,12,INT,,10,0,YES,,,NO,,migration_soft_delete
dbo,CaLamViec,CaLamViecID,1,INT,,10,0,NO,,YES,NO,,PK
dbo,CaLamViec,AccountID,2,INT,,10,0,YES,,,NO,dbo.Accounts(AccountID),FK
dbo,CaLamViec,CoSoID,3,INT,,10,0,YES,,,NO,dbo.CoSo(CoSoID),FK
dbo,CaLamViec,NgayLam,4,DATE,,,,,YES,,,NO,,
dbo,CaLamViec,GioBatDau,5,TIME,,,,,YES,,,NO,,
dbo,CaLamViec,GioKetThuc,6,TIME,,,,,YES,,,NO,,
dbo,CaLamViec,GhiChu,7,NVARCHAR,500,,,YES,,,NO,,
dbo,CaLamViec,IsDeleted,8,BIT,,,,,YES,0,,NO,,migration_soft_delete
dbo,CaLamViec,DeletedAt,9,DATETIME,,,,,YES,,,NO,,migration_soft_delete
dbo,CaLamViec,DeletedBy,10,INT,,10,0,YES,,,NO,,migration_soft_delete
dbo,HoanTien,HoanTienID,1,INT,,10,0,NO,,YES,NO,,PK
dbo,HoanTien,HoaDonID,2,INT,,10,0,YES,,,NO,dbo.HoaDon(HoaDonID),FK
dbo,HoanTien,AccountID,3,INT,,10,0,YES,,,NO,dbo.Accounts(AccountID),FK
dbo,HoanTien,SoTienHoan,4,DECIMAL,,18,2,YES,,,NO,,
dbo,HoanTien,LyDo,5,NVARCHAR,MAX,,,YES,,,NO,,
dbo,HoanTien,TrangThai,6,NVARCHAR,50,,,YES,Chờ xử lý,,NO,,
dbo,HoanTien,ThoiGianYeuCau,7,DATETIME,,,,,YES,,,NO,,
dbo,HoanTien,ThoiGianHoan,8,DATETIME,,,,,YES,,,NO,,
dbo,HoanTien,DatSanID,9,INT,,10,0,YES,,,NO,dbo.LichDatSan(DatSanID),migration_refund_workflows FK
dbo,HoanTien,NguoiDuyetID,10,INT,,10,0,YES,,,NO,dbo.Accounts(AccountID),migration_refund_workflows FK
dbo,HoanTien,GhiChu,11,NVARCHAR,500,,,YES,,,NO,,migration_refund_workflows
dbo,HoanTien,SoTienDaThanhToan,12,DECIMAL,,18,2,YES,,,NO,,migration_refund_customer_selfservice
dbo,HoanTien,SoTienDeNghiHoan,13,DECIMAL,,18,2,YES,,,NO,,migration_refund_customer_selfservice
dbo,HoanTien,SoTienDuocDuyet,14,DECIMAL,,18,2,YES,,,NO,,migration_refund_customer_selfservice
dbo,HoanTien,CoSoID,15,INT,,10,0,YES,,,NO,dbo.CoSo(CoSoID),migration_refund_customer_selfservice FK
dbo,HoanTien,QrNhanTienPath,16,NVARCHAR,500,,,YES,,,NO,,migration_refund_customer_selfservice
dbo,HoanTien,GhiChuKhachHang,17,NVARCHAR,MAX,,,YES,,,NO,,migration_refund_customer_selfservice
dbo,HoanTien,LyDoTuChoi,18,NVARCHAR,MAX,,,YES,,,NO,,migration_refund_customer_selfservice
dbo,HoanTien,CompletedAt,19,DATETIME2,,,,,YES,,,NO,,migration_refund_customer_selfservice
dbo,HoanTien,ApprovedAt,20,DATETIME2,,,,,YES,,,NO,,migration_refund_customer_selfservice
dbo,HoanTien,UpdatedAt,21,DATETIME2,,,,,YES,,,NO,,migration_refund_customer_selfservice
dbo,AuditLog,AuditLogID,1,BIGINT,,19,0,NO,,YES,NO,,PK
dbo,AuditLog,ActorAccountID,2,INT,,10,0,YES,,,NO,,NULL = system action
dbo,AuditLog,ActorName,3,NVARCHAR,255,,,YES,,,NO,,
dbo,AuditLog,ActorRole,4,INT,,10,0,YES,,,NO,,
dbo,AuditLog,CoSoID,5,INT,,10,0,YES,,,NO,,
dbo,AuditLog,Action,6,NVARCHAR,100,,,YES,,,NO,,
dbo,AuditLog,EntityType,7,NVARCHAR,100,,,YES,,,NO,,
dbo,AuditLog,EntityID,8,NVARCHAR,50,,,YES,,,NO,,
dbo,AuditLog,EntityName,9,NVARCHAR,500,,,YES,,,NO,,
dbo,AuditLog,Details,10,NVARCHAR,MAX,,,YES,,,NO,,
dbo,AuditLog,IpAddress,11,NVARCHAR,50,,,YES,,,NO,,
dbo,AuditLog,CreatedAt,12,DATETIME2,,,,,YES,GETDATE(),,NO,,DEFAULT GETDATE()
dbo,LichDatSan_DichVu,Id,1,INT,,10,0,NO,,YES,NO,,PK
dbo,LichDatSan_DichVu,DatSanID,2,INT,,10,0,NO,,,NO,dbo.LichDatSan(DatSanID),FK NOT NULL
dbo,LichDatSan_DichVu,SanPhamID,3,INT,,10,0,NO,,,NO,dbo.SanPham_DichVu(SanPhamID),FK NOT NULL
dbo,LichDatSan_DichVu,Quantity,4,INT,,10,0,NO,,,NO,,CHECK(Quantity>0)
dbo,LichDatSan_DichVu,UnitPrice,5,DECIMAL,,18,2,NO,,,NO,,
dbo,LichDatSan_DichVu,TotalPrice,6,DECIMAL,,18,2,NO,,,NO,,
dbo,LichDatSan_DichVu,Status,7,NVARCHAR,50,,,YES,Chờ chuẩn bị,,NO,,CHECK(Chờ chuẩn bị|Đã giao|Đã hủy)
dbo,LichDatSan_DichVu,Note,8,NVARCHAR,500,,,YES,,,NO,,
dbo,LichDatSan_DichVu,CreatedAt,9,DATETIME2,,,,,YES,,,NO,,
dbo,LichDatSan_DichVu,DeliveredAt,10,DATETIME2,,,,,YES,,,NO,,
dbo,LichDatSan_DichVu,DeliveredBy,11,INT,,10,0,YES,,,NO,dbo.Accounts(AccountID),FK NULL
dbo,AdminTrash,TrashID,1,INT,,10,0,NO,,YES,NO,,PK
dbo,AdminTrash,EntityType,2,NVARCHAR,100,,,YES,,,NO,,
dbo,AdminTrash,EntityID,3,INT,,10,0,YES,,,NO,,
dbo,AdminTrash,DisplayName,4,NVARCHAR,255,,,YES,,,NO,,
dbo,AdminTrash,SourceTable,5,NVARCHAR,100,,,YES,,,NO,,
dbo,AdminTrash,OldStatus,6,NVARCHAR,100,,,YES,,,NO,,
dbo,AdminTrash,DeletedBy,7,INT,,10,0,YES,,,NO,,FK NULL (no explicit FK constraint)
dbo,AdminTrash,DeletedAt,8,DATETIME2,,,,,YES,,,NO,,
dbo,AdminTrash,Reason,9,NVARCHAR,500,,,YES,,,NO,,
dbo,AdminTrash,IsRestored,10,BIT,,,,,YES,0,,NO,,
dbo,AdminTrash,RestoredBy,11,INT,,10,0,YES,,,NO,,
dbo,AdminTrash,RestoredAt,12,DATETIME2,,,,,YES,,,NO,,
dbo,CoSoNganHang,CoSoID,1,INT,,10,0,NO,,,NO,dbo.CoSo(CoSoID),PK + FK (1-1 with CoSo)
dbo,CoSoNganHang,BankName,2,NVARCHAR,100,,,YES,,,NO,,
dbo,CoSoNganHang,BankShortCode,3,NVARCHAR,20,,,YES,,,NO,,
dbo,CoSoNganHang,AccountName,4,NVARCHAR,200,,,YES,,,NO,,
dbo,CoSoNganHang,AccountNumber,5,NVARCHAR,50,,,YES,,,NO,,
dbo,CoSoNganHang,UpdatedAt,6,DATETIME2,,,,,YES,,,NO,,
dbo,BookingExtension,ExtensionID,1,INT,,10,0,NO,,YES,NO,,PK
dbo,BookingExtension,DatSanID,2,INT,,10,0,YES,,,NO,dbo.LichDatSan(DatSanID),FK
dbo,BookingExtension,OldGioKetThuc,3,TIME,,,,,YES,,,NO,,
dbo,BookingExtension,NewGioKetThuc,4,TIME,,,,,YES,,,NO,,
dbo,BookingExtension,OldGioKetThucDateTime,5,DATETIME2,,,,,YES,,,NO,,
dbo,BookingExtension,NewGioKetThucDateTime,6,DATETIME2,,,,,YES,,,NO,,
dbo,BookingExtension,AdditionalAmount,7,DECIMAL,,18,2,YES,,,NO,,
dbo,BookingExtension,OperatorAccountID,8,INT,,10,0,YES,,,NO,dbo.Accounts(AccountID),FK
dbo,BookingExtension,CreatedAt,9,DATETIME2,,,,,YES,,,NO,,
dbo,CourtChargeSegment,SegmentID,1,INT,,10,0,NO,,YES,NO,,PK
dbo,CourtChargeSegment,HoaDonID,2,INT,,10,0,YES,,,NO,dbo.HoaDon(HoaDonID),FK
dbo,CourtChargeSegment,DatSanID,3,INT,,10,0,YES,,,NO,dbo.LichDatSan(DatSanID),FK
dbo,CourtChargeSegment,SegmentOrder,4,INT,,10,0,YES,,,NO,,
dbo,CourtChargeSegment,StartAt,5,DATETIME2,,,,,YES,,,NO,,
dbo,CourtChargeSegment,EndAt,6,DATETIME2,,,,,YES,,,NO,,
dbo,CourtChargeSegment,DurationMinutes,7,INT,,10,0,YES,,,NO,,
dbo,CourtChargeSegment,RateType,8,NVARCHAR,30,,,YES,,,NO,,CHECK(WITHOUT_LIGHT|WITH_LIGHT)
dbo,CourtChargeSegment,HourlyRate,9,DECIMAL,,18,2,YES,,,NO,,
dbo,CourtChargeSegment,Amount,10,DECIMAL,,18,2,YES,,,NO,,
dbo,CourtChargeSegment,CreatedAt,11,DATETIME2,,,,,YES,,,NO,,
dbo,PayOSPaymentAttempt,AttemptID,1,BIGINT,,19,0,NO,,YES,NO,,PK
dbo,PayOSPaymentAttempt,HoaDonID,2,INT,,10,0,YES,,,NO,dbo.HoaDon(HoaDonID),FK
dbo,PayOSPaymentAttempt,DatSanID,3,INT,,10,0,YES,,,NO,dbo.LichDatSan(DatSanID),FK
dbo,PayOSPaymentAttempt,CoSoID,4,INT,,10,0,YES,,,NO,dbo.CoSo(CoSoID),FK
dbo,PayOSPaymentAttempt,OrderCode,5,BIGINT,,19,0,YES,,,NO,,UNIQUE
dbo,PayOSPaymentAttempt,PaymentLinkID,6,NVARCHAR,100,,,YES,,,NO,,
dbo,PayOSPaymentAttempt,CheckoutUrl,7,NVARCHAR,1000,,,YES,,,NO,,
dbo,PayOSPaymentAttempt,QrCode,8,NVARCHAR,MAX,,,YES,,,NO,,
dbo,PayOSPaymentAttempt,Status,9,NVARCHAR,30,,,YES,,,NO,,
dbo,PayOSPaymentAttempt,Amount,10,DECIMAL,,18,2,YES,,,NO,,
dbo,PayOSPaymentAttempt,Description,11,NVARCHAR,100,,,YES,,,NO,,
dbo,PayOSPaymentAttempt,CreatedAt,12,DATETIME2,,,,,YES,,,NO,,
dbo,PayOSPaymentAttempt,PaidAt,13,DATETIME2,,,,,YES,,,NO,,
dbo,PayOSPaymentAttempt,CancelledAt,14,DATETIME2,,,,,YES,,,NO,,
dbo,PayOSPaymentAttempt,LastCheckedAt,15,DATETIME2,,,,,YES,,,NO,,
dbo,PayOSPaymentAttempt,FailureReason,16,NVARCHAR,500,,,YES,,,NO,,
dbo,CustomerReputationHistory,ReputationHistoryID,1,BIGINT,,19,0,NO,,YES,NO,,PK
dbo,CustomerReputationHistory,AccountID,2,INT,,10,0,YES,,,NO,dbo.Accounts(AccountID),FK
dbo,CustomerReputationHistory,DatSanID,3,INT,,10,0,YES,,,NO,dbo.LichDatSan(DatSanID),FK NULL
dbo,CustomerReputationHistory,ActionType,4,NVARCHAR,30,,,YES,,,NO,,
dbo,CustomerReputationHistory,ScoreDelta,5,INT,,10,0,YES,,,NO,,
dbo,CustomerReputationHistory,ScoreBefore,6,INT,,10,0,YES,,,NO,,
dbo,CustomerReputationHistory,ScoreAfter,7,INT,,10,0,YES,,,NO,,
dbo,CustomerReputationHistory,Reason,8,NVARCHAR,500,,,YES,,,NO,,
dbo,CustomerReputationHistory,CreatedAt,9,DATETIME2,,,,,YES,,,NO,,
dbo,CustomerReputationHistory,CreatedBy,10,INT,,10,0,YES,,,NO,dbo.Accounts(AccountID),FK NULL
dbo,CustomerReputationHistory,IpAddress,11,NVARCHAR,50,,,YES,,,NO,,
dbo,CoSoCapability,CapabilityID,1,INT,,10,0,NO,,YES,NO,,PK
dbo,CoSoCapability,CoSoID,2,INT,,10,0,YES,,,NO,dbo.CoSo(CoSoID),FK
dbo,CoSoCapability,CapabilityType,3,NVARCHAR,50,,,YES,,,NO,,
dbo,CoSoCapability,TrangThai,4,NVARCHAR,20,,,YES,PENDING,,NO,,
dbo,CoSoCapability,RequestedAt,5,DATETIME2,,,,,YES,,,NO,,
dbo,CoSoCapability,ApprovedBy,6,INT,,10,0,YES,,,NO,dbo.Accounts(AccountID),FK NULL
dbo,CoSoCapability,ApprovedAt,7,DATETIME2,,,,,YES,,,NO,,
dbo,CoSoCapability,RejectReason,8,NVARCHAR,500,,,YES,,,NO,,
dbo,CoSoCapability,Note,9,NVARCHAR,500,,,YES,,,NO,,
dbo,CoSoCapability,UpdatedAt,10,DATETIME2,,,,,YES,,,NO,,
dbo,QRRequest,RequestID,1,INT,,10,0,NO,,YES,NO,,PK
dbo,QRRequest,SanID,2,INT,,10,0,YES,,,NO,dbo.San(SanID),FK
dbo,QRRequest,CoSoID,3,INT,,10,0,YES,,,NO,dbo.CoSo(CoSoID),FK
dbo,QRRequest,GuestToken,4,VARCHAR,64,,,YES,,,NO,,
dbo,QRRequest,CustomerID,5,INT,,10,0,YES,,,NO,,NULL = guest
dbo,QRRequest,RequestType,6,VARCHAR,20,,,YES,,,NO,,CHECK(CALL_STAFF|ORDER_ITEM|SERVICE_REQUEST)
dbo,QRRequest,ItemsJson,7,NVARCHAR,MAX,,,YES,,,NO,,JSON payload
dbo,QRRequest,Note,8,NVARCHAR,500,,,YES,,,NO,,
dbo,QRRequest,Status,9,VARCHAR,20,,,YES,NEW,,NO,,CHECK(NEW|IN_PROGRESS|DONE|CANCELLED) DEFAULT 'NEW'
dbo,QRRequest,CreatedAt,10,DATETIME2,,,,,YES,,,NO,,
dbo,QRRequest,UpdatedAt,11,DATETIME2,,,,,YES,,,NO,,
dbo,QRRequest,HandledByStaffID,12,INT,,10,0,YES,,,NO,,No explicit FK constraint
dbo,SanQR,SanQRID,1,INT,,10,0,NO,,YES,NO,,PK
dbo,SanQR,SanID,2,INT,,10,0,YES,,,NO,dbo.San(SanID),UNIQUE FK (1-1)
dbo,SanQR,Token,3,UNIQUEIDENTIFIER,,,,,YES,NEWID(),,NO,,DEFAULT NEWID() - nullable after hardening
dbo,SanQR,TrangThai,4,NVARCHAR,20,,,YES,ACTIVE,,NO,,
dbo,SanQR,CreatedAt,5,DATETIME2,,,,,YES,,,NO,,
dbo,SanQR,CreatedBy,6,INT,,10,0,YES,,,NO,dbo.Accounts(AccountID),FK NULL
dbo,SanQR,UpdatedAt,7,DATETIME2,,,,,YES,,,NO,,
dbo,SanQR,UpdatedBy,8,INT,,10,0,YES,,,NO,dbo.Accounts(AccountID),FK NULL
dbo,SanQR,RegenerateCount,9,INT,,10,0,YES,0,,NO,,
dbo,SanQR,ShortCode,10,NVARCHAR,12,,,YES,,,NO,,migration_san_qr_hardening
dbo,SanQRTokenHistory,HistoryID,1,INT,,10,0,NO,,YES,NO,,PK
dbo,SanQRTokenHistory,SanQRID,2,INT,,10,0,YES,,,NO,dbo.SanQR(SanQRID),FK
dbo,SanQRTokenHistory,SanID,3,INT,,10,0,YES,,,NO,dbo.San(SanID),FK
dbo,SanQRTokenHistory,Token,4,UNIQUEIDENTIFIER,,,,,YES,,,NO,,nullable after hardening
dbo,SanQRTokenHistory,TrangThai,5,NVARCHAR,20,,,YES,ISSUED,,NO,,
dbo,SanQRTokenHistory,IssuedAt,6,DATETIME2,,,,,YES,,,NO,,
dbo,SanQRTokenHistory,RevokedAt,7,DATETIME2,,,,,YES,,,NO,,
dbo,SanQRTokenHistory,RevokedBy,8,INT,,10,0,YES,,,NO,dbo.Accounts(AccountID),FK NULL
dbo,SanQRTokenHistory,RevokeReason,9,NVARCHAR,255,,,YES,,,NO,,
dbo,SanQRTokenHistory,TokenHash,10,NVARCHAR,64,,,YES,,,NO,,migration_san_qr_hardening
dbo,SanQRTokenHistory,ShortCode,11,NVARCHAR,12,,,YES,,,NO,,migration_san_qr_hardening
dbo,SportService,ServiceID,1,INT,,10,0,NO,,YES,NO,,PK
dbo,SportService,CoSoID,2,INT,,10,0,YES,,,NO,dbo.CoSo(CoSoID),FK
dbo,SportService,ServiceType,3,NVARCHAR,30,,,YES,,,NO,,CHECK(CANG_LUOI|THAY_QUAN_CAN|SUA_VOT|BAO_DUONG|HUAN_LUYEN_VIEN|KHAC)
dbo,SportService,ServiceName,4,NVARCHAR,150,,,YES,,,NO,,
dbo,SportService,SportType,5,NVARCHAR,50,,,YES,,,NO,,
dbo,SportService,Description,6,NVARCHAR,MAX,,,YES,,,NO,,
dbo,SportService,BasePrice,7,DECIMAL,,12,2,YES,,,NO,,
dbo,SportService,Unit,8,NVARCHAR,30,,,YES,,,NO,,
dbo,SportService,EstimatedMinutes,9,INT,,10,0,YES,,,NO,,
dbo,SportService,MaxRequestsPerDay,10,INT,,10,0,YES,,,NO,,
dbo,SportService,ReceiveTimeStart,11,TIME,,,,,YES,,,NO,,
dbo,SportService,ReceiveTimeEnd,12,TIME,,,,,YES,,,NO,,
dbo,SportService,ImageUrl,13,NVARCHAR,500,,,YES,,,NO,,
dbo,SportService,IsAcceptingRequests,14,BIT,,,,,YES,1,,NO,,
dbo,SportService,Policy,15,NVARCHAR,MAX,,,YES,,,NO,,
dbo,SportService,CustomerNote,16,NVARCHAR,MAX,,,YES,,,NO,,
dbo,SportService,IsDeleted,17,BIT,,,,,YES,0,,NO,,
dbo,SportService,CreatedAt,18,DATETIME2,,,,,YES,,,NO,,
dbo,SportService,UpdatedAt,19,DATETIME2,,,,,YES,,,NO,,
dbo,RacketStringingConfig,ConfigID,1,INT,,10,0,NO,,YES,NO,,PK
dbo,RacketStringingConfig,ServiceID,2,INT,,10,0,YES,,,NO,dbo.SportService(ServiceID),UNIQUE FK (1-1)
dbo,RacketStringingConfig,RacketTypes,3,NVARCHAR,MAX,,,YES,,,NO,,JSON or CSV list
dbo,RacketStringingConfig,StringingPrice,4,DECIMAL,,12,2,YES,,,NO,,
dbo,RacketStringingConfig,MinTension,5,DECIMAL,,5,2,YES,,,NO,,
dbo,RacketStringingConfig,MaxTension,6,DECIMAL,,5,2,YES,,,NO,,
dbo,RacketStringingConfig,TensionUnit,7,NVARCHAR,5,,,YES,kg,,NO,,CHECK(kg|lbs) DEFAULT 'kg'
dbo,RacketStringingConfig,AllowCustomerString,8,BIT,,,,,YES,,,NO,,
dbo,RacketStringingConfig,SellsString,9,BIT,,,,,YES,,,NO,,
dbo,RacketStringingConfig,AvgCompletionMinutes,10,INT,,10,0,YES,,,NO,,
dbo,RacketStringingConfig,MaxRacketsPerOrder,11,INT,,10,0,YES,,,NO,,
dbo,RacketStringingConfig,OldRacketPolicy,12,NVARCHAR,MAX,,,YES,,,NO,,
dbo,RacketStringingConfig,StringBreakPolicy,13,NVARCHAR,MAX,,,YES,,,NO,,
dbo,ServiceMaterial,MaterialID,1,INT,,10,0,NO,,YES,NO,,PK
dbo,ServiceMaterial,CoSoID,2,INT,,10,0,YES,,,NO,dbo.CoSo(CoSoID),FK
dbo,ServiceMaterial,Name,3,NVARCHAR,150,,,YES,,,NO,,
dbo,ServiceMaterial,Brand,4,NVARCHAR,100,,,YES,,,NO,,
dbo,ServiceMaterial,Code,5,NVARCHAR,50,,,YES,,,NO,,
dbo,ServiceMaterial,Color,6,NVARCHAR,50,,,YES,,,NO,,
dbo,ServiceMaterial,SportType,7,NVARCHAR,50,,,YES,,,NO,,
dbo,ServiceMaterial,Price,8,DECIMAL,,12,2,YES,,,NO,,
dbo,ServiceMaterial,ExtraFee,9,DECIMAL,,12,2,YES,,,NO,,
dbo,ServiceMaterial,Status,10,NVARCHAR,20,,,YES,DANG_CO,,NO,,CHECK(DANG_CO|TAM_HET|NGUNG_SU_DUNG)
dbo,ServiceMaterial,Description,11,NVARCHAR,MAX,,,YES,,,NO,,
dbo,ServiceMaterial,IsDeleted,12,BIT,,,,,YES,0,,NO,,
dbo,ServiceMaterial,CreatedAt,13,DATETIME2,,,,,YES,,,NO,,
dbo,ServiceMaterial,UpdatedAt,14,DATETIME2,,,,,YES,,,NO,,
dbo,ServiceOrder,OrderID,1,INT,,10,0,NO,,YES,NO,,PK
dbo,ServiceOrder,CustomerID,2,INT,,10,0,YES,,,NO,dbo.Accounts(AccountID),FK
dbo,ServiceOrder,CoSoID,3,INT,,10,0,YES,,,NO,dbo.CoSo(CoSoID),FK
dbo,ServiceOrder,ServiceID,4,INT,,10,0,YES,,,NO,dbo.SportService(ServiceID),FK
dbo,ServiceOrder,BookingID,5,INT,,10,0,YES,,,NO,dbo.LichDatSan(DatSanID),FK NULL
dbo,ServiceOrder,Status,6,NVARCHAR,30,,,YES,,,NO,,CHECK(8 values including PENDING/CONFIRMED/IN_PROGRESS/COMPLETED/CANCELLED etc)
dbo,ServiceOrder,RequestedAt,7,DATETIME2,,,,,YES,,,NO,,
dbo,ServiceOrder,AppointmentDate,8,DATE,,,,,YES,,,NO,,
dbo,ServiceOrder,DropOffTime,9,NVARCHAR,20,,,YES,,,NO,,
dbo,ServiceOrder,ExpectedPickupTime,10,DATETIME2,,,,,YES,,,NO,,
dbo,ServiceOrder,ActualReceivedTime,11,DATETIME2,,,,,YES,,,NO,,
dbo,ServiceOrder,CompletedTime,12,DATETIME2,,,,,YES,,,NO,,
dbo,ServiceOrder,DeliveredTime,13,DATETIME2,,,,,YES,,,NO,,
dbo,ServiceOrder,CancelledTime,14,DATETIME2,,,,,YES,,,NO,,
dbo,ServiceOrder,CustomerNote,15,NVARCHAR,MAX,,,YES,,,NO,,
dbo,ServiceOrder,ManagerNote,16,NVARCHAR,MAX,,,YES,,,NO,,
dbo,ServiceOrder,EstimatedPrice,17,DECIMAL,,12,2,YES,,,NO,,
dbo,ServiceOrder,ConfirmedPrice,18,DECIMAL,,12,2,YES,,,NO,,
dbo,ServiceOrder,CancellationReason,19,NVARCHAR,500,,,YES,,,NO,,
dbo,ServiceOrder,CreatedAt,20,DATETIME2,,,,,YES,,,NO,,
dbo,ServiceOrder,UpdatedAt,21,DATETIME2,,,,,YES,,,NO,,
dbo,RacketStringingOrderDetail,DetailID,1,INT,,10,0,NO,,YES,NO,,PK
dbo,RacketStringingOrderDetail,OrderID,2,INT,,10,0,YES,,,NO,dbo.ServiceOrder(OrderID),UNIQUE FK (1-1)
dbo,RacketStringingOrderDetail,RacketType,3,NVARCHAR,100,,,YES,,,NO,,
dbo,RacketStringingOrderDetail,RacketBrand,4,NVARCHAR,100,,,YES,,,NO,,
dbo,RacketStringingOrderDetail,RacketModel,5,NVARCHAR,100,,,YES,,,NO,,
dbo,RacketStringingOrderDetail,MaterialID,6,INT,,10,0,YES,,,NO,dbo.ServiceMaterial(MaterialID),FK NULL
dbo,RacketStringingOrderDetail,CustomerBringsString,7,BIT,,,,,YES,,,NO,,
dbo,RacketStringingOrderDetail,TensionValue,8,DECIMAL,,5,2,YES,,,NO,,
dbo,RacketStringingOrderDetail,TensionUnit,9,NVARCHAR,5,,,YES,,,NO,,CHECK(kg|lbs)
dbo,RacketStringingOrderDetail,StringColor,10,NVARCHAR,50,,,YES,,,NO,,
dbo,RacketStringingOrderDetail,Quantity,11,INT,,10,0,YES,,,NO,,CHECK(Quantity>0)
dbo,RacketStringingOrderDetail,TechnicalNote,12,NVARCHAR,MAX,,,YES,,,NO,,
dbo,ServiceOrderStatusHistory,HistoryID,1,INT,,10,0,NO,,YES,NO,,PK - DDL inferred from Java model
dbo,ServiceOrderStatusHistory,OrderID,2,INT,,10,0,NO,,,NO,dbo.ServiceOrder(OrderID),FK inferred NOT NULL
dbo,ServiceOrderStatusHistory,FromStatus,3,NVARCHAR,30,,,YES,,,NO,,
dbo,ServiceOrderStatusHistory,ToStatus,4,NVARCHAR,30,,,NO,,,NO,,
dbo,ServiceOrderStatusHistory,ChangedBy,5,INT,,10,0,YES,,,NO,dbo.Accounts(AccountID),FK inferred
dbo,ServiceOrderStatusHistory,ChangedAt,6,DATETIME2,,,,,YES,,,NO,,
dbo,ServiceOrderStatusHistory,Note,7,NVARCHAR,500,,,YES,,,NO,,
dbo,Teams,TeamID,1,INT,,10,0,NO,,YES,NO,,PK
dbo,Teams,TeamName,2,NVARCHAR,50,,,YES,,,NO,,
dbo,Teams,Description,3,NVARCHAR,225,,,YES,,,NO,,
dbo,Teams,SportID,4,INT,,10,0,YES,,,NO,dbo.MonTheThao(MonTheThaoID),FK
dbo,Teams,CaptainAccountID,5,INT,,10,0,YES,,,NO,dbo.Accounts(AccountID),FK
dbo,Teams,LocationText,6,NVARCHAR,255,,,YES,,,NO,,
dbo,Teams,AvatarPath,7,NVARCHAR,500,,,YES,,,NO,,
dbo,Teams,CoverImagePath,8,NVARCHAR,500,,,YES,,,NO,,
dbo,Teams,MaxMembers,9,INT,,10,0,YES,,,NO,,CHECK(2-30)
dbo,Teams,Status,10,VARCHAR,30,,,YES,ACTIVE,,NO,,CHECK(ACTIVE|INACTIVE|DISBANDED|SUSPENDED)
dbo,Teams,CreatedAt,11,DATETIME2,,,,,YES,,,NO,,
dbo,Teams,UpdatedAt,12,DATETIME2,,,,,YES,,,NO,,
dbo,Teams,IsDeleted,13,BIT,,,,,YES,0,,NO,,
dbo,Teams,DeletedAt,14,DATETIME2,,,,,YES,,,NO,,
dbo,Teams,DeletedBy,15,INT,,10,0,YES,,,NO,,
dbo,TeamMembers,TeamMemberID,1,INT,,10,0,NO,,YES,NO,,PK
dbo,TeamMembers,TeamID,2,INT,,10,0,YES,,,NO,dbo.Teams(TeamID),FK
dbo,TeamMembers,AccountID,3,INT,,10,0,YES,,,NO,dbo.Accounts(AccountID),FK
dbo,TeamMembers,MemberRole,4,VARCHAR,30,,,YES,,,NO,,CHECK(CAPTAIN|CO_CAPTAIN|MEMBER)
dbo,TeamMembers,MemberStatus,5,VARCHAR,30,,,YES,ACTIVE,,NO,,CHECK(ACTIVE|LEFT|REMOVED)
dbo,TeamMembers,JoinedAt,6,DATETIME2,,,,,YES,,,NO,,
dbo,TeamMembers,LeftAt,7,DATETIME2,,,,,YES,,,NO,,
dbo,TeamMembers,AddedBy,8,INT,,10,0,YES,,,NO,,No explicit FK constraint in DDL
dbo,TeamInvitations,InvitationID,1,INT,,10,0,NO,,YES,NO,,PK
dbo,TeamInvitations,TeamID,2,INT,,10,0,YES,,,NO,dbo.Teams(TeamID),FK
dbo,TeamInvitations,InvitedAccountID,3,INT,,10,0,YES,,,NO,dbo.Accounts(AccountID),FK
dbo,TeamInvitations,InvitedByAccountID,4,INT,,10,0,YES,,,NO,dbo.Accounts(AccountID),FK
dbo,TeamInvitations,ProposedRole,5,VARCHAR,30,,,YES,MEMBER,,NO,,CHECK(CO_CAPTAIN|MEMBER)
dbo,TeamInvitations,Status,6,VARCHAR,30,,,YES,PENDING,,NO,,CHECK(PENDING|ACCEPTED|REJECTED|CANCELLED|EXPIRED)
dbo,TeamInvitations,Message,7,NVARCHAR,500,,,YES,,,NO,,
dbo,TeamInvitations,CreatedAt,8,DATETIME2,,,,,YES,,,NO,,
dbo,TeamInvitations,ExpiresAt,9,DATETIME2,,,,,YES,,,NO,,
dbo,TeamInvitations,RespondedAt,10,DATETIME2,,,,,YES,,,NO,,
dbo,TeamJoinRequests,JoinRequestID,1,INT,,10,0,NO,,YES,NO,,PK
dbo,TeamJoinRequests,TeamID,2,INT,,10,0,YES,,,NO,dbo.Teams(TeamID),FK
dbo,TeamJoinRequests,RequesterAccountID,3,INT,,10,0,YES,,,NO,dbo.Accounts(AccountID),FK
dbo,TeamJoinRequests,Message,4,NVARCHAR,500,,,YES,,,NO,,
dbo,TeamJoinRequests,Status,5,VARCHAR,30,,,YES,PENDING,,NO,,CHECK(PENDING|APPROVED|REJECTED|CANCELLED)
dbo,TeamJoinRequests,CreatedAt,6,DATETIME2,,,,,YES,,,NO,,
dbo,TeamJoinRequests,ReviewedAt,7,DATETIME2,,,,,YES,,,NO,,
dbo,TeamJoinRequests,ReviewedByAccountID,8,INT,,10,0,YES,,,NO,dbo.Accounts(AccountID),FK NULL
dbo,NhomChiaTien,NhomChiaTienID,1,INT,,10,0,NO,,YES,NO,,PK
dbo,NhomChiaTien,HoaDonID,2,INT,,10,0,YES,,,NO,dbo.HoaDon(HoaDonID),FK
dbo,NhomChiaTien,DatSanID,3,INT,,10,0,YES,,,NO,dbo.LichDatSan(DatSanID),FK
dbo,NhomChiaTien,CreatedByAccountID,4,INT,,10,0,YES,,,NO,dbo.Accounts(AccountID),FK
dbo,NhomChiaTien,SplitType,5,NVARCHAR,20,,,YES,,,NO,,CHECK(EQUAL|CUSTOM|ITEMIZED)
dbo,NhomChiaTien,TongTien,6,DECIMAL,,18,2,YES,,,NO,,
dbo,NhomChiaTien,TrangThai,7,NVARCHAR,20,,,YES,DRAFT,,NO,,CHECK(DRAFT|ACTIVE|PARTIALLY_PAID|PAID|CANCELLED|EXPIRED)
dbo,NhomChiaTien,ExpiresAt,8,DATETIME2,,,,,YES,,,NO,,
dbo,NhomChiaTien,CreatedAt,9,DATETIME2,,,,,YES,,,NO,,
dbo,NhomChiaTien,UpdatedAt,10,DATETIME2,,,,,YES,,,NO,,
dbo,NhomChiaTienChiTiet,ChiTietID,1,INT,,10,0,NO,,YES,NO,,PK
dbo,NhomChiaTienChiTiet,NhomChiaTienID,2,INT,,10,0,YES,,,NO,dbo.NhomChiaTien(NhomChiaTienID),FK
dbo,NhomChiaTienChiTiet,AccountID,3,INT,,10,0,YES,,,NO,dbo.Accounts(AccountID),FK NULL
dbo,NhomChiaTienChiTiet,DisplayName,4,NVARCHAR,100,,,YES,,,NO,,
dbo,NhomChiaTienChiTiet,ShareToken,5,CHAR,43,,,YES,,,NO,,UNIQUE
dbo,NhomChiaTienChiTiet,SoTien,6,DECIMAL,,18,2,YES,,,NO,,CHECK(SoTien>0)
dbo,NhomChiaTienChiTiet,TrangThai,7,NVARCHAR,50,,,YES,PENDING,,NO,,CHECK(PENDING|PROCESSING|PAID|CANCELLED|EXPIRED)
dbo,NhomChiaTienChiTiet,PaymentMethod,8,NVARCHAR,50,,,YES,,,NO,,
dbo,NhomChiaTienChiTiet,PaymentTransactionID,9,NVARCHAR,100,,,YES,,,NO,,
dbo,NhomChiaTienChiTiet,PayerAccountID,10,INT,,10,0,YES,,,NO,dbo.Accounts(AccountID),FK NULL
dbo,NhomChiaTienChiTiet,PaidAt,11,DATETIME2,,,,,YES,,,NO,,
dbo,NhomChiaTienChiTiet,ConfirmedByStaffID,12,INT,,10,0,YES,,,NO,dbo.Accounts(AccountID),FK NULL
dbo,NhomChiaTienChiTiet,CreatedAt,13,DATETIME2,,,,,YES,,,NO,,
dbo,NhomChiaTienChiTiet,UpdatedAt,14,DATETIME2,,,,,YES,,,NO,,
dbo,KhuyenMaiHinhAnh,HinhAnhID,1,INT,,10,0,NO,,YES,NO,,PK - inferred name
dbo,KhuyenMaiHinhAnh,KhuyenMaiID,2,INT,,10,0,YES,,,NO,dbo.KhuyenMai(KhuyenMaiID),FK
dbo,KhuyenMaiHinhAnh,HinhAnhUrl,3,NVARCHAR,500,,,YES,,,NO,,inferred column name
dbo,KhuyenMaiHinhAnh,SoThuTu,4,INT,,10,0,YES,,,NO,,inferred ordering column
dbo,LichSuKhuyenMai,LichSuKhuyenMaiID,1,INT,,10,0,NO,,YES,NO,,PK
dbo,LichSuKhuyenMai,KhuyenMaiID,2,INT,,10,0,YES,,,NO,dbo.KhuyenMai(KhuyenMaiID),FK
dbo,LichSuKhuyenMai,AccountID,3,INT,,10,0,YES,,,NO,,FK references TaiKhoan (ANOMALY - old table name?)
dbo,LichSuKhuyenMai,ThoiGianSuDung,4,DATETIME2,,,,,YES,,,NO,,inferred
dbo,LichSuKhuyenMai,HoaDonID,5,INT,,10,0,YES,,,NO,,inferred reference
dbo,YeuCauNghi,YeuCauNghiID,1,INT,,10,0,NO,,YES,NO,,PK - confirmed via view SQL and Java model
dbo,YeuCauNghi,AccountID,2,INT,,10,0,YES,,,NO,dbo.Accounts(AccountID),FK
dbo,YeuCauNghi,CoSoID,3,INT,,10,0,YES,,,NO,dbo.CoSo(CoSoID),FK
dbo,YeuCauNghi,NgayNghi,4,DATE,,,,,YES,,,NO,,
dbo,YeuCauNghi,LoaiNghi,5,NVARCHAR,50,,,YES,,,NO,,FullDay|HalfDay_Morning|HalfDay_Afternoon
dbo,YeuCauNghi,LyDo,6,NVARCHAR,MAX,,,YES,,,NO,,
dbo,YeuCauNghi,MucDoKhanCap,7,BIT,,,,,YES,,,NO,,
dbo,YeuCauNghi,TrangThai,8,NVARCHAR,50,,,YES,ChoDuyet,,NO,,ChoDuyet|DaDuyet|TuChoi|DaHuy
dbo,YeuCauNghi,GhiChuQuanLy,9,NVARCHAR,MAX,,,YES,,,NO,,
dbo,YeuCauNghi,NgayXuLy,10,DATETIME,,,,,YES,,,NO,,
dbo,YeuCauNghi,XuLyBy,11,INT,,10,0,YES,,,NO,dbo.Accounts(AccountID),FK NULL
dbo,YeuCauNghi,NgayGui,12,DATETIME,,,,,YES,,,NO,,
dbo,YeuCauNghi,CreatedAt,13,DATETIME,,,,,YES,,,NO,,
dbo,YeuCauNghi,UpdatedAt,14,DATETIME,,,,,YES,,,NO,,
dbo,YeuCauNghi,IsDeleted,15,BIT,,,,,YES,0,,NO,,migration_soft_delete
dbo,YeuCauNghi,DeletedAt,16,DATETIME,,,,,YES,,,NO,,migration_soft_delete
dbo,YeuCauNghi,DeletedBy,17,INT,,10,0,YES,,,NO,,migration_soft_delete
dbo,CaLamViecAudit,AuditID,1,INT,,10,0,NO,,YES,NO,,PK - DDL fully inferred from Java model
dbo,CaLamViecAudit,CaLamViecID,2,INT,,10,0,YES,,,NO,dbo.CaLamViec(CaLamViecID),FK inferred
dbo,CaLamViecAudit,ChangedBy,3,INT,,10,0,YES,,,NO,dbo.Accounts(AccountID),FK inferred
dbo,CaLamViecAudit,ChangedAt,4,DATETIME2,,,,,YES,,,NO,,
dbo,CaLamViecAudit,Action,5,NVARCHAR,50,,,YES,,,NO,,
dbo,CaLamViecAudit,OldValue,6,NVARCHAR,MAX,,,YES,,,NO,,
dbo,CaLamViecAudit,NewValue,7,NVARCHAR,MAX,,,YES,,,NO,,
dbo,CaLamViecAvailability,AvailabilityID,1,INT,,10,0,NO,,YES,NO,,PK - DDL fully inferred from Java model
dbo,CaLamViecAvailability,AccountID,2,INT,,10,0,YES,,,NO,dbo.Accounts(AccountID),FK inferred
dbo,CaLamViecAvailability,CoSoID,3,INT,,10,0,YES,,,NO,dbo.CoSo(CoSoID),FK inferred
dbo,CaLamViecAvailability,NgayLam,4,DATE,,,,,YES,,,NO,,
dbo,CaLamViecAvailability,IsAvailable,5,BIT,,,,,YES,,,NO,,
dbo,CaLamViecAvailability,GhiChu,6,NVARCHAR,500,,,YES,,,NO,,
dbo,CaLamViecSwapRequest,SwapRequestID,1,INT,,10,0,NO,,YES,NO,,PK - DDL fully inferred from Java model
dbo,CaLamViecSwapRequest,RequesterCaLamViecID,2,INT,,10,0,YES,,,NO,dbo.CaLamViec(CaLamViecID),FK inferred
dbo,CaLamViecSwapRequest,TargetCaLamViecID,3,INT,,10,0,YES,,,NO,dbo.CaLamViec(CaLamViecID),FK inferred
dbo,CaLamViecSwapRequest,RequestedByAccountID,4,INT,,10,0,YES,,,NO,dbo.Accounts(AccountID),FK inferred
dbo,CaLamViecSwapRequest,Status,5,NVARCHAR,30,,,YES,,,NO,,
dbo,CaLamViecSwapRequest,CreatedAt,6,DATETIME2,,,,,YES,,,NO,,
dbo,CaLamViecSwapRequest,RespondedAt,7,DATETIME2,,,,,YES,,,NO,,
dbo,SoftHold,HoldID,1,INT,,10,0,NO,,YES,NO,,PK - DDL fully inferred from Java model
dbo,SoftHold,SanID,2,INT,,10,0,YES,,,NO,dbo.San(SanID),FK inferred
dbo,SoftHold,AccountID,3,INT,,10,0,YES,,,NO,dbo.Accounts(AccountID),FK inferred
dbo,SoftHold,NgayDat,4,DATE,,,,,YES,,,NO,,
dbo,SoftHold,GioBatDau,5,TIME,,,,,YES,,,NO,,
dbo,SoftHold,GioKetThuc,6,TIME,,,,,YES,,,NO,,
dbo,SoftHold,ExpiresAt,7,DATETIME2,,,,,YES,,,NO,,
dbo,SoftHold,SessionToken,8,VARCHAR,64,,,YES,,,NO,,
dbo,SoftHold,CreatedAt,9,DATETIME2,,,,,YES,,,NO,,
