SchemaName,FKName,FKTable,FKColumn,RefTable,RefColumn,OnDelete,OnUpdate,Notes
dbo,FK_Accounts_Roles,Accounts,RoleID,Roles,RoleID,NO ACTION,NO ACTION,
dbo,FK_Accounts_CoSo,Accounts,CoSoID,CoSo,CoSoID,NO ACTION,NO ACTION,NULL allowed
dbo,FK_Accounts_MonTheThao_Yeuthich,Accounts,MonTheThaoYeuThichID,MonTheThao,MonTheThaoID,NO ACTION,NO ACTION,migration_customer_profile
dbo,FK_CoSo_AccountQuanLy,CoSo,AccountID_QuanLy,Accounts,AccountID,NO ACTION,NO ACTION,Added after both tables exist
dbo,FK_MonTheThaoYeuThich_Account,MonTheThaoYeuThich,AccountID,Accounts,AccountID,CASCADE,NO ACTION,
dbo,FK_MonTheThaoYeuThich_MonTheThao,MonTheThaoYeuThich,MonTheThaoID,MonTheThao,MonTheThaoID,CASCADE,NO ACTION,
dbo,FK_LoaiSan_MonTheThao,LoaiSan,MonTheThaoID,MonTheThao,MonTheThaoID,NO ACTION,NO ACTION,
dbo,FK_San_LoaiSan,San,LoaiSanID,LoaiSan,LoaiSanID,NO ACTION,NO ACTION,
dbo,FK_San_CoSo,San,CoSoID,CoSo,CoSoID,NO ACTION,NO ACTION,NOT NULL
dbo,FK_SanPham_DichVu_DanhMuc,SanPham_DichVu,DanhMucID,DanhMucSanPham,DanhMucID,NO ACTION,NO ACTION,
dbo,FK_SanPham_DichVu_CoSo,SanPham_DichVu,CoSoID,CoSo,CoSoID,NO ACTION,NO ACTION,
dbo,FK_LichDatSan_Account,LichDatSan,AccountID,Accounts,AccountID,NO ACTION,NO ACTION,
dbo,FK_LichDatSan_San,LichDatSan,SanID,San,SanID,NO ACTION,NO ACTION,
dbo,FK_LichDatSan_ConfirmedBy,LichDatSan,ConfirmedBy,Accounts,AccountID,NO ACTION,NO ACTION,migration_reservation_hold
dbo,FK_LichDatSan_CancelledBy,LichDatSan,CancelledBy,Accounts,AccountID,NO ACTION,NO ACTION,migration_customer_reputation_cancel_flow
dbo,FK_GhepKeo_LichDatSan,GhepKeo,DatSanID,LichDatSan,DatSanID,NO ACTION,NO ACTION,
dbo,FK_GhepKeo_AccountNguoiTao,GhepKeo,AccountID_NguoiTao,Accounts,AccountID,NO ACTION,NO ACTION,
dbo,FK_GhepKeo_MonTheThao,GhepKeo,MonTheThaoID,MonTheThao,MonTheThaoID,NO ACTION,NO ACTION,
dbo,FK_GhepKeo_TeamNguoiTao,GhepKeo,TeamIDNguoiTao,Teams,TeamID,NO ACTION,NO ACTION,migration_team_management
dbo,FK_ChiTietGhepKeo_GhepKeo,ChiTietGhepKeo,KeoID,GhepKeo,KeoID,NO ACTION,NO ACTION,
dbo,FK_ChiTietGhepKeo_Account,ChiTietGhepKeo,AccountID_NguoiThamGia,Accounts,AccountID,NO ACTION,NO ACTION,
dbo,FK_ChiTietGhepKeo_Team,ChiTietGhepKeo,TeamIDNguoiThamGia,Teams,TeamID,NO ACTION,NO ACTION,migration_team_management
dbo,FK_DanhGia_LichDatSan,DanhGia,DatSanID,LichDatSan,DatSanID,NO ACTION,NO ACTION,
dbo,FK_DanhGia_AccountNguoiDanhGia,DanhGia,AccountID_NguoiDanhGia,Accounts,AccountID,NO ACTION,NO ACTION,
dbo,FK_DanhGia_AccountNguoiBiDanhGia,DanhGia,AccountID_NguoiBiDanhGia,Accounts,AccountID,NO ACTION,NO ACTION,NULL allowed
dbo,FK_LichSuELO_Account,LichSuELO,AccountID,Accounts,AccountID,NO ACTION,NO ACTION,
dbo,FK_LichSuELO_LichDatSan,LichSuELO,DatSanID,LichDatSan,DatSanID,NO ACTION,NO ACTION,NULL allowed
dbo,FK_NhatKyChat_Account,NhatKyChat,AccountID,Accounts,AccountID,NO ACTION,NO ACTION,NULL allowed
dbo,FK_TheGiuXe_CoSo,TheGiuXe,CoSoID,CoSo,CoSoID,NO ACTION,NO ACTION,
dbo,FK_LichXeRaVao_TheGiuXe,LichXeRaVao,TheID,TheGiuXe,TheID,NO ACTION,NO ACTION,
dbo,FK_LichXeRaVao_LichDatSan,LichXeRaVao,DatSanID,LichDatSan,DatSanID,NO ACTION,NO ACTION,NULL allowed
dbo,FK_LichXeRaVao_NhanVien,LichXeRaVao,AccountID_NhanVien,Accounts,AccountID,NO ACTION,NO ACTION,NULL allowed
dbo,FK_KhuyenMai_CoSo,KhuyenMai,CoSoID,CoSo,CoSoID,NO ACTION,NO ACTION,NULL = apply to all facilities
dbo,FK_HoaDon_LichDatSan,HoaDon,DatSanID,LichDatSan,DatSanID,NO ACTION,NO ACTION,NULL allowed
dbo,FK_HoaDon_AccountKhachHang,HoaDon,AccountID_KhachHang,Accounts,AccountID,NO ACTION,NO ACTION,
dbo,FK_HoaDon_AccountNhanVien,HoaDon,AccountID_NhanVien,Accounts,AccountID,NO ACTION,NO ACTION,
dbo,FK_HoaDon_KhuyenMai,HoaDon,KhuyenMaiID,KhuyenMai,KhuyenMaiID,NO ACTION,NO ACTION,NULL allowed
dbo,FK_HoaDon_Parent,HoaDon,ParentHoaDonID,HoaDon,HoaDonID,NO ACTION,NO ACTION,Self-reference; migration_hoadon_loai
dbo,FK_ChiTietHoaDon_HoaDon,ChiTietHoaDon,HoaDonID,HoaDon,HoaDonID,NO ACTION,NO ACTION,
dbo,FK_ChiTietHoaDon_SanPham,ChiTietHoaDon,SanPhamID,SanPham_DichVu,SanPhamID,NO ACTION,NO ACTION,
dbo,FK_ChiaHoaDon_HoaDon,ChiaHoaDon,HoaDonID,HoaDon,HoaDonID,NO ACTION,NO ACTION,Dead code table
dbo,FK_ChiaHoaDon_Account,ChiaHoaDon,AccountID,Accounts,AccountID,NO ACTION,NO ACTION,Dead code table
dbo,FK_MaQR_ChiaHoaDon,MaQR,ChiaHoaDonID,ChiaHoaDon,ChiaHoaDonID,NO ACTION,NO ACTION,Dead code table
dbo,FK_YeuCauSOS_AccountTao,YeuCauSOS,AccountID_Tao,Accounts,AccountID,NO ACTION,NO ACTION,
dbo,FK_YeuCauSOS_LichDatSan,YeuCauSOS,DatSanID,LichDatSan,DatSanID,NO ACTION,NO ACTION,NULL allowed
dbo,FK_YeuCauSOS_MonTheThao,YeuCauSOS,MonTheThaoID,MonTheThao,MonTheThaoID,NO ACTION,NO ACTION,NULL allowed
dbo,FK_NhatKySOSGui_YeuCauSOS,NhatKySOSGui,YeuCauSOSID,YeuCauSOS,YeuCauSOSID,NO ACTION,NO ACTION,
dbo,FK_NhatKySOSGui_Account,NhatKySOSGui,AccountID_NhanGui,Accounts,AccountID,NO ACTION,NO ACTION,
dbo,FK_ThongBao_Account,ThongBao,AccountID,Accounts,AccountID,NO ACTION,NO ACTION,
dbo,FK_CaLamViec_Account,CaLamViec,AccountID,Accounts,AccountID,NO ACTION,NO ACTION,
dbo,FK_CaLamViec_CoSo,CaLamViec,CoSoID,CoSo,CoSoID,NO ACTION,NO ACTION,
dbo,FK_HoanTien_HoaDon,HoanTien,HoaDonID,HoaDon,HoaDonID,NO ACTION,NO ACTION,
dbo,FK_HoanTien_Account,HoanTien,AccountID,Accounts,AccountID,NO ACTION,NO ACTION,
dbo,FK_HoanTien_LichDatSan,HoanTien,DatSanID,LichDatSan,DatSanID,NO ACTION,NO ACTION,migration_refund_workflows
dbo,FK_HoanTien_NguoiDuyet,HoanTien,NguoiDuyetID,Accounts,AccountID,NO ACTION,NO ACTION,migration_refund_workflows
dbo,FK_HoanTien_CoSo,HoanTien,CoSoID,CoSo,CoSoID,NO ACTION,NO ACTION,migration_refund_customer_selfservice
dbo,FK_LichDatSan_DichVu_DatSan,LichDatSan_DichVu,DatSanID,LichDatSan,DatSanID,NO ACTION,NO ACTION,
dbo,FK_LichDatSan_DichVu_SanPham,LichDatSan_DichVu,SanPhamID,SanPham_DichVu,SanPhamID,NO ACTION,NO ACTION,
dbo,FK_LichDatSan_DichVu_DeliveredBy,LichDatSan_DichVu,DeliveredBy,Accounts,AccountID,NO ACTION,NO ACTION,NULL allowed
dbo,FK_CoSoNganHang_CoSo,CoSoNganHang,CoSoID,CoSo,CoSoID,NO ACTION,NO ACTION,PK is also the FK (1-1)
dbo,FK_BookingExtension_LichDatSan,BookingExtension,DatSanID,LichDatSan,DatSanID,NO ACTION,NO ACTION,
dbo,FK_BookingExtension_Operator,BookingExtension,OperatorAccountID,Accounts,AccountID,NO ACTION,NO ACTION,
dbo,FK_CourtChargeSegment_HoaDon,CourtChargeSegment,HoaDonID,HoaDon,HoaDonID,NO ACTION,NO ACTION,
dbo,FK_CourtChargeSegment_LichDatSan,CourtChargeSegment,DatSanID,LichDatSan,DatSanID,NO ACTION,NO ACTION,
dbo,FK_PayOSPaymentAttempt_HoaDon,PayOSPaymentAttempt,HoaDonID,HoaDon,HoaDonID,NO ACTION,NO ACTION,
dbo,FK_PayOSPaymentAttempt_LichDatSan,PayOSPaymentAttempt,DatSanID,LichDatSan,DatSanID,NO ACTION,NO ACTION,
dbo,FK_PayOSPaymentAttempt_CoSo,PayOSPaymentAttempt,CoSoID,CoSo,CoSoID,NO ACTION,NO ACTION,
dbo,FK_CustomerReputationHistory_Account,CustomerReputationHistory,AccountID,Accounts,AccountID,NO ACTION,NO ACTION,
dbo,FK_CustomerReputationHistory_DatSan,CustomerReputationHistory,DatSanID,LichDatSan,DatSanID,NO ACTION,NO ACTION,NULL allowed
dbo,FK_CustomerReputationHistory_CreatedBy,CustomerReputationHistory,CreatedBy,Accounts,AccountID,NO ACTION,NO ACTION,NULL allowed
dbo,FK_CoSoCapability_CoSo,CoSoCapability,CoSoID,CoSo,CoSoID,NO ACTION,NO ACTION,
dbo,FK_CoSoCapability_ApprovedBy,CoSoCapability,ApprovedBy,Accounts,AccountID,NO ACTION,NO ACTION,NULL allowed
dbo,FK_QRRequest_San,QRRequest,SanID,San,SanID,NO ACTION,NO ACTION,
dbo,FK_QRRequest_CoSo,QRRequest,CoSoID,CoSo,CoSoID,NO ACTION,NO ACTION,
dbo,FK_SanQR_San,SanQR,SanID,San,SanID,NO ACTION,NO ACTION,UNIQUE (1-1 relationship)
dbo,FK_SanQR_CreatedBy,SanQR,CreatedBy,Accounts,AccountID,NO ACTION,NO ACTION,NULL allowed
dbo,FK_SanQR_UpdatedBy,SanQR,UpdatedBy,Accounts,AccountID,NO ACTION,NO ACTION,NULL allowed
dbo,FK_SanQRTokenHistory_SanQR,SanQRTokenHistory,SanQRID,SanQR,SanQRID,NO ACTION,NO ACTION,
dbo,FK_SanQRTokenHistory_San,SanQRTokenHistory,SanID,San,SanID,NO ACTION,NO ACTION,
dbo,FK_SanQRTokenHistory_RevokedBy,SanQRTokenHistory,RevokedBy,Accounts,AccountID,NO ACTION,NO ACTION,NULL allowed
dbo,FK_SportService_CoSo,SportService,CoSoID,CoSo,CoSoID,NO ACTION,NO ACTION,
dbo,FK_RacketStringingConfig_SportService,RacketStringingConfig,ServiceID,SportService,ServiceID,NO ACTION,NO ACTION,UNIQUE (1-1)
dbo,FK_ServiceMaterial_CoSo,ServiceMaterial,CoSoID,CoSo,CoSoID,NO ACTION,NO ACTION,
dbo,FK_ServiceOrder_Customer,ServiceOrder,CustomerID,Accounts,AccountID,NO ACTION,NO ACTION,
dbo,FK_ServiceOrder_CoSo,ServiceOrder,CoSoID,CoSo,CoSoID,NO ACTION,NO ACTION,
dbo,FK_ServiceOrder_SportService,ServiceOrder,ServiceID,SportService,ServiceID,NO ACTION,NO ACTION,
dbo,FK_ServiceOrder_LichDatSan,ServiceOrder,BookingID,LichDatSan,DatSanID,NO ACTION,NO ACTION,NULL allowed
dbo,FK_RacketStringingOrderDetail_ServiceOrder,RacketStringingOrderDetail,OrderID,ServiceOrder,OrderID,NO ACTION,NO ACTION,UNIQUE (1-1)
dbo,FK_RacketStringingOrderDetail_ServiceMaterial,RacketStringingOrderDetail,MaterialID,ServiceMaterial,MaterialID,NO ACTION,NO ACTION,NULL allowed
dbo,FK_ServiceOrderStatusHistory_ServiceOrder,ServiceOrderStatusHistory,OrderID,ServiceOrder,OrderID,NO ACTION,NO ACTION,DDL inferred from Java model
dbo,FK_ServiceOrderStatusHistory_ChangedBy,ServiceOrderStatusHistory,ChangedBy,Accounts,AccountID,NO ACTION,NO ACTION,DDL inferred from Java model; NULL allowed
dbo,FK_Teams_MonTheThao,Teams,SportID,MonTheThao,MonTheThaoID,NO ACTION,NO ACTION,
dbo,FK_Teams_CaptainAccount,Teams,CaptainAccountID,Accounts,AccountID,NO ACTION,NO ACTION,
dbo,FK_TeamMembers_Teams,TeamMembers,TeamID,Teams,TeamID,NO ACTION,NO ACTION,
dbo,FK_TeamMembers_Account,TeamMembers,AccountID,Accounts,AccountID,NO ACTION,NO ACTION,
dbo,FK_TeamInvitations_Teams,TeamInvitations,TeamID,Teams,TeamID,NO ACTION,NO ACTION,
dbo,FK_TeamInvitations_InvitedAccount,TeamInvitations,InvitedAccountID,Accounts,AccountID,NO ACTION,NO ACTION,
dbo,FK_TeamInvitations_InvitedByAccount,TeamInvitations,InvitedByAccountID,Accounts,AccountID,NO ACTION,NO ACTION,
dbo,FK_TeamJoinRequests_Teams,TeamJoinRequests,TeamID,Teams,TeamID,NO ACTION,NO ACTION,
dbo,FK_TeamJoinRequests_RequesterAccount,TeamJoinRequests,RequesterAccountID,Accounts,AccountID,NO ACTION,NO ACTION,
dbo,FK_TeamJoinRequests_ReviewedByAccount,TeamJoinRequests,ReviewedByAccountID,Accounts,AccountID,NO ACTION,NO ACTION,NULL allowed
dbo,FK_NhomChiaTien_HoaDon,NhomChiaTien,HoaDonID,HoaDon,HoaDonID,NO ACTION,NO ACTION,
dbo,FK_NhomChiaTien_LichDatSan,NhomChiaTien,DatSanID,LichDatSan,DatSanID,NO ACTION,NO ACTION,
dbo,FK_NhomChiaTien_CreatedByAccount,NhomChiaTien,CreatedByAccountID,Accounts,AccountID,NO ACTION,NO ACTION,
dbo,FK_NhomChiaTienChiTiet_NhomChiaTien,NhomChiaTienChiTiet,NhomChiaTienID,NhomChiaTien,NhomChiaTienID,NO ACTION,NO ACTION,
dbo,FK_NhomChiaTienChiTiet_Account,NhomChiaTienChiTiet,AccountID,Accounts,AccountID,NO ACTION,NO ACTION,NULL allowed (guest)
dbo,FK_NhomChiaTienChiTiet_PayerAccount,NhomChiaTienChiTiet,PayerAccountID,Accounts,AccountID,NO ACTION,NO ACTION,NULL allowed
dbo,FK_NhomChiaTienChiTiet_ConfirmedByStaff,NhomChiaTienChiTiet,ConfirmedByStaffID,Accounts,AccountID,NO ACTION,NO ACTION,NULL allowed
dbo,FK_KhuyenMaiHinhAnh_KhuyenMai,KhuyenMaiHinhAnh,KhuyenMaiID,KhuyenMai,KhuyenMaiID,NO ACTION,NO ACTION,
dbo,FK_LichSuKhuyenMai_KhuyenMai,LichSuKhuyenMai,KhuyenMaiID,KhuyenMai,KhuyenMaiID,NO ACTION,NO ACTION,
dbo,FK_LichSuKhuyenMai_TaiKhoan,LichSuKhuyenMai,AccountID,TaiKhoan,AccountID,NO ACTION,NO ACTION,ANOMALY: references TaiKhoan not Accounts - likely old table name or bug in migration_promotional_codes.sql
dbo,FK_YeuCauNghi_Account,YeuCauNghi,AccountID,Accounts,AccountID,NO ACTION,NO ACTION,
dbo,FK_YeuCauNghi_CoSo,YeuCauNghi,CoSoID,CoSo,CoSoID,NO ACTION,NO ACTION,
dbo,FK_YeuCauNghi_XuLyBy,YeuCauNghi,XuLyBy,Accounts,AccountID,NO ACTION,NO ACTION,NULL allowed
