SchemaName,TableName,IndexName,IsUnique,IsPrimaryKey,IndexType,KeyColumns,IncludedColumns,FilterDefinition
dbo,Accounts,PK_Accounts,YES,YES,CLUSTERED,AccountID,,
dbo,Accounts,UQ_Accounts_Email,YES,NO,NONCLUSTERED,Email,,
dbo,Accounts,UQ_Accounts_Facebook,YES,NO,NONCLUSTERED,FacebookID,,
dbo,Accounts,UQ_Accounts_Google,YES,NO,NONCLUSTERED,GoogleID,,
dbo,Accounts,UQ_Accounts_Username,YES,NO,NONCLUSTERED,Username,,
dbo,AdminTrash,PK_AdminTrash,YES,YES,CLUSTERED,TrashID,,
dbo,AuditLog,IX_AuditLog_Actor,NO,NO,NONCLUSTERED,ActorAccountID,,
dbo,AuditLog,IX_AuditLog_CoSo,NO,NO,NONCLUSTERED,CoSoID,,
dbo,AuditLog,IX_AuditLog_CreatedAt,NO,NO,NONCLUSTERED,CreatedAt,,
dbo,AuditLog,IX_AuditLog_EntityType,NO,NO,NONCLUSTERED,EntityType,,
dbo,AuditLog,PK_AuditLog,YES,YES,CLUSTERED,AuditLogID,,
dbo,BangLuong,PK_BangLuong,YES,YES,CLUSTERED,BangLuongID,,
dbo,BookingExtension,PK_BookingExtension,YES,YES,CLUSTERED,ExtensionID,,
dbo,CaLamViec,PK_CaLamViec,YES,YES,CLUSTERED,CaLamViecID,,
dbo,CaLamViec_Audit,PK_CaLamViec_Audit,YES,YES,CLUSTERED,AuditID,,
dbo,CaLamViec_Availability,PK_CaLamViec_Availability,YES,YES,CLUSTERED,AvailabilityID,,
dbo,CaLamViec_SwapRequest,PK_CaLamViec_SwapRequest,YES,YES,CLUSTERED,SwapRequestID,,
dbo,CauHinhLuong,PK_CauHinhLuong,YES,YES,CLUSTERED,CauHinhLuongID,,
dbo,ChiaHoaDon,PK_ChiaHoaDon,YES,YES,CLUSTERED,ChiaHoaDonID,,
dbo,ChiTietGhepKeo,PK_ChiTietGhepKeo,YES,YES,CLUSTERED,ChiTietKeoID,,
dbo,ChiTietGhepKeo,UX_ChiTietGhepKeo_Active_Keo_Account,YES,NO,NONCLUSTERED,"KeoID, AccountIDNguoiThamGia",,"TrangThaiThamGia IN (N'Chờ duyệt', N'Đã tham gia')"
dbo,ChiTietHoaDon,PK_ChiTietHoaDon,YES,YES,CLUSTERED,ChiTietID,,
dbo,CoSo,PK_CoSo,YES,YES,CLUSTERED,CoSoID,,
dbo,CoSoCapability,IX_CoSoCapability_CoSoID,NO,NO,NONCLUSTERED,CoSoID,,
dbo,CoSoCapability,IX_CoSoCapability_TrangThai,NO,NO,NONCLUSTERED,TrangThai,,
dbo,CoSoCapability,PK_CoSoCapability,YES,YES,CLUSTERED,CapabilityID,,
dbo,CoSoCapability,UQ_CoSoCapability_CoSo_Type,YES,NO,NONCLUSTERED,"CoSoID, CapabilityType",,
dbo,CoSoFaceConfig,PK_CoSoFaceConfig,YES,YES,CLUSTERED,CoSoID,,
dbo,CoSoNganHang,PK_CoSoNganHang,YES,YES,CLUSTERED,CoSoID,,
dbo,CourtChargeSegment,PK_CourtChargeSegment,YES,YES,CLUSTERED,SegmentID,,
dbo,CourtChargeSegment,UX_CourtChargeSegment_InvoiceOrder,YES,NO,NONCLUSTERED,"HoaDonID, SegmentOrder",,
dbo,CustomerReputationHistory,IX_ReputationHistory_Account,NO,NO,NONCLUSTERED,"AccountID, CreatedAt",,
dbo,CustomerReputationHistory,IX_ReputationHistory_DatSan,NO,NO,NONCLUSTERED,DatSanID,,
dbo,CustomerReputationHistory,PK_CustomerReputationHistory,YES,YES,CLUSTERED,ReputationHistoryID,,
dbo,CustomerReputationHistory,UQ_ReputationHistory_Account_DatSan_Action,YES,NO,NONCLUSTERED,"AccountID, DatSanID, ActionType",,
dbo,DanhGia,PK_DanhGia,YES,YES,CLUSTERED,DanhGiaID,,
dbo,DanhGia,UQ_DanhGia_DatSan_Account,YES,NO,NONCLUSTERED,"DatSanID, AccountID_NguoiDanhGia",,
dbo,DanhMucSanPham,PK_DanhMucSanPham,YES,YES,CLUSTERED,DanhMucID,,
dbo,FaceChallengeToken,PK_FaceChallengeToken,YES,YES,CLUSTERED,TokenID,,
dbo,GhepKeo,IX_GhepKeo_TrangThai_DatSan,NO,NO,NONCLUSTERED,"TrangThai, DatSanID",,
dbo,GhepKeo,PK_GhepKeo,YES,YES,CLUSTERED,KeoID,,
dbo,HoaDon,IX_HoaDon_Parent_Loai,NO,NO,NONCLUSTERED,"ParentHoaDonID, LoaiHoaDon",,
dbo,HoaDon,PK_HoaDon,YES,YES,CLUSTERED,HoaDonID,,
dbo,HoaDon,UX_HoaDon_OneMainPerBooking,YES,NO,NONCLUSTERED,DatSanID,,
dbo,HoanTien,IX_HoanTien_CoSoID,NO,NO,NONCLUSTERED,CoSoID,,
dbo,HoanTien,IX_HoanTien_DatSanID,NO,NO,NONCLUSTERED,DatSanID,,
dbo,HoanTien,IX_HoanTien_TrangThai,NO,NO,NONCLUSTERED,TrangThai,,
dbo,HoanTien,PK_HoanTien,YES,YES,CLUSTERED,HoanTienID,,
dbo,KhuyenMai,PK_KhuyenMai,YES,YES,CLUSTERED,KhuyenMaiID,,
dbo,KhuyenMai,UQ__KhuyenMa__152C7C5C7613DE24,YES,NO,NONCLUSTERED,MaCode,,
dbo,KhuyenMaiHinhAnh,IX_KhuyenMaiHinhAnh_KhuyenMaiID,NO,NO,NONCLUSTERED,KhuyenMaiID,,
dbo,KhuyenMaiHinhAnh,IX_KhuyenMaiHinhAnh_KhuyenMaiID_ThuTu,NO,NO,NONCLUSTERED,"KhuyenMaiID, ThuTu",,
dbo,KhuyenMaiHinhAnh,PK_KhuyenMaiHinhAnh,YES,YES,CLUSTERED,HinhAnhID,,
dbo,KhuyenMaiHinhAnh,UQ_KhuyenMaiHinhAnh_MotAnhBia,YES,NO,NONCLUSTERED,KhuyenMaiID,,
dbo,KyLuong,IX_KyLuong_CoSo,NO,NO,NONCLUSTERED,"CoSoID, NgayBatDau DESC",,
dbo,KyLuong,PK_KyLuong,YES,YES,CLUSTERED,KyLuongID,,
dbo,LichDatSan,IX_LichDatSan_PayosOrderCode,NO,NO,NONCLUSTERED,PayosOrderCode,,
dbo,LichDatSan,PK_LichDatSan,YES,YES,CLUSTERED,DatSanID,,
dbo,LichDatSan_DichVu,IX_LDSDV_DatSanID,NO,NO,NONCLUSTERED,DatSanID,,
dbo,LichDatSan_DichVu,PK_LichDatSan_DichVu,YES,YES,CLUSTERED,Id,,
dbo,LichSuELO,PK_LichSuELO,YES,YES,CLUSTERED,LichSuELOID,,
dbo,LichSuKhuyenMai,IX_LichSuKM_Account_KM,NO,NO,NONCLUSTERED,"AccountID, KhuyenMaiID",,
dbo,LichSuKhuyenMai,PK_LichSuKhuyenMai,YES,YES,CLUSTERED,HistoryID,,
dbo,LichXeRaVao,PK_LichXeRaVao,YES,YES,CLUSTERED,LichXeID,,
dbo,LoaiSan,PK_LoaiSan,YES,YES,CLUSTERED,LoaiSanID,,
dbo,MaQR,PK_MaQR,YES,YES,CLUSTERED,MaQRID,,
dbo,MonTheThao,PK_MonTheThao,YES,YES,CLUSTERED,MonTheThaoID,,
dbo,MonTheThaoYeuThich,PK_MonTheThaoYeuThich,YES,YES,CLUSTERED,"AccountID, MonTheThaoID",,
dbo,NhatKyChat,PK_NhatKyChat,YES,YES,CLUSTERED,NhatKyChatID,,
dbo,NhatKySOSGui,PK_NhatKySOSGui,YES,YES,CLUSTERED,NhatKySOSGuiID,,
dbo,NhomChiaTien,IX_NhomChiaTien_DatSan,NO,NO,NONCLUSTERED,DatSanID,,
dbo,NhomChiaTien,PK_NhomChiaTien,YES,YES,CLUSTERED,NhomChiaTienID,,
dbo,NhomChiaTien,UX_NhomChiaTien_HoaDon_Active,YES,NO,NONCLUSTERED,HoaDonID,,
dbo,NhomChiaTienChiTiet,IX_NhomChiaTienChiTiet_Nhom,NO,NO,NONCLUSTERED,NhomChiaTienID,,
dbo,NhomChiaTienChiTiet,PK_NhomChiaTienChiTiet,YES,YES,CLUSTERED,ChiTietID,,
dbo,NhomChiaTienChiTiet,UX_NhomChiaTienChiTiet_ShareToken,YES,NO,NONCLUSTERED,ShareToken,,
dbo,PayOSPaymentAttempt,IX_PayOSPaymentAttempt_HoaDonID,NO,NO,NONCLUSTERED,HoaDonID,,
dbo,PayOSPaymentAttempt,IX_PayOSPaymentAttempt_PaymentLinkID,NO,NO,NONCLUSTERED,PaymentLinkID,,
dbo,PayOSPaymentAttempt,PK_PayOSPaymentAttempt,YES,YES,CLUSTERED,AttemptID,,
dbo,PayOSPaymentAttempt,UQ_PayOSPaymentAttempt_OneActivePerInvoice,YES,NO,NONCLUSTERED,HoaDonID,,
dbo,PayOSPaymentAttempt,UQ_PayOSPaymentAttempt_OrderCode,YES,NO,NONCLUSTERED,OrderCode,,
dbo,QRRequest,IX_QRRequest_CoSo_Status,NO,NO,NONCLUSTERED,"CoSoID, Status",,
dbo,QRRequest,IX_QRRequest_GuestToken,NO,NO,NONCLUSTERED,GuestToken,,
dbo,QRRequest,PK_QRRequest,YES,YES,CLUSTERED,RequestID,,
dbo,RacketStringingConfig,PK_RacketStringingConfig,YES,YES,CLUSTERED,ConfigID,,
dbo,RacketStringingConfig,UQ_RacketCfg_ServiceID,YES,NO,NONCLUSTERED,ServiceID,,
dbo,RacketStringingOrderDetail,PK_RacketStringingOrderDetail,YES,YES,CLUSTERED,DetailID,,
dbo,RacketStringingOrderDetail,UQ_RSOD_OrderID,YES,NO,NONCLUSTERED,OrderID,,
dbo,Roles,PK_Roles,YES,YES,CLUSTERED,RoleID,,
dbo,San,PK_San,YES,YES,CLUSTERED,SanID,,
dbo,SanPham_DichVu,PK_SanPham_DichVu,YES,YES,CLUSTERED,SanPhamID,,
dbo,SanQR,IX_SanQR_TrangThai,NO,NO,NONCLUSTERED,TrangThai,,
dbo,SanQR,PK_SanQR,YES,YES,CLUSTERED,SanQRID,,
dbo,SanQR,UQ_SanQR_SanID,YES,NO,NONCLUSTERED,SanID,,
dbo,SanQR,UQ_SanQR_ShortCode,YES,NO,NONCLUSTERED,ShortCode,,
dbo,SanQR,UQ_SanQR_Token,YES,NO,NONCLUSTERED,Token,,
dbo,SanQRTokenHistory,IX_SanQRTokenHistory_SanID,NO,NO,NONCLUSTERED,SanID,,
dbo,SanQRTokenHistory,IX_SanQRTokenHistory_SanQRID,NO,NO,NONCLUSTERED,SanQRID,,
dbo,SanQRTokenHistory,IX_SanQRTokenHistory_TokenHash,NO,NO,NONCLUSTERED,TokenHash,,
dbo,SanQRTokenHistory,PK_SanQRTokenHistory,YES,YES,CLUSTERED,HistoryID,,
dbo,SanQRTokenHistory,UQ_SanQRTokenHistory_Token,YES,NO,NONCLUSTERED,Token,,
dbo,ServiceMaterial,IX_ServiceMaterial_CoSoID,NO,NO,NONCLUSTERED,CoSoID,,
dbo,ServiceMaterial,PK_ServiceMaterial,YES,YES,CLUSTERED,MaterialID,,
dbo,ServiceOrder,IX_ServiceOrder_BookingID,NO,NO,NONCLUSTERED,BookingID,,
dbo,ServiceOrder,IX_ServiceOrder_CoSoID,NO,NO,NONCLUSTERED,CoSoID,,
dbo,ServiceOrder,IX_ServiceOrder_CustomerID,NO,NO,NONCLUSTERED,CustomerID,,
dbo,ServiceOrder,IX_ServiceOrder_Status,NO,NO,NONCLUSTERED,Status,,
dbo,ServiceOrder,PK_ServiceOrder,YES,YES,CLUSTERED,OrderID,,
dbo,ServiceOrderStatusHistory,IX_SOSH_OrderID,NO,NO,NONCLUSTERED,OrderID,,
dbo,ServiceOrderStatusHistory,PK_ServiceOrderStatusHistory,YES,YES,CLUSTERED,HistoryID,,
dbo,SoftHold,IX_SoftHold_San_Ngay,NO,NO,NONCLUSTERED,"SanID, NgayDat, CreatedTime",,
dbo,SoftHold,PK_SoftHold,YES,YES,CLUSTERED,SoftHoldID,,
dbo,SportService,IX_SportService_CoSoID,NO,NO,NONCLUSTERED,CoSoID,,
dbo,SportService,IX_SportService_ServiceType,NO,NO,NONCLUSTERED,ServiceType,,
dbo,SportService,PK_SportService,YES,YES,CLUSTERED,ServiceID,,
dbo,SuCo,PK_SuCo,YES,YES,CLUSTERED,SuCoID,,
dbo,sysdiagrams,PK_sysdiagrams,YES,YES,CLUSTERED,diagram_id,,
dbo,sysdiagrams,UK_principal_name,YES,NO,NONCLUSTERED,"principal_id, name",,
dbo,TeamInvitations,IX_TeamInvitations_Invited,NO,NO,NONCLUSTERED,"InvitedAccountID, Status",,
dbo,TeamInvitations,PK_TeamInvitations,YES,YES,CLUSTERED,InvitationID,,
dbo,TeamInvitations,UX_TeamInvitations_Pending_Team_Account,YES,NO,NONCLUSTERED,"TeamID, InvitedAccountID",,Status = N'PENDING'
dbo,TeamJoinRequests,IX_TeamJoinRequests_Requester,NO,NO,NONCLUSTERED,"RequesterAccountID, Status",,
dbo,TeamJoinRequests,PK_TeamJoinRequests,YES,YES,CLUSTERED,JoinRequestID,,
dbo,TeamJoinRequests,UX_TeamJoinRequests_Pending_Team_Account,YES,NO,NONCLUSTERED,"TeamID, RequesterAccountID",,Status = N'PENDING'
dbo,TeamMembers,IX_TeamMembers_Account,NO,NO,NONCLUSTERED,"AccountID, MemberStatus",,
dbo,TeamMembers,PK_TeamMembers,YES,YES,CLUSTERED,TeamMemberID,,
dbo,TeamMembers,UX_TeamMembers_Active_Team_Account,YES,NO,NONCLUSTERED,"TeamID, AccountID",,MemberStatus = N'ACTIVE'
dbo,Teams,IX_Teams_Captain,NO,NO,NONCLUSTERED,CaptainAccountID,,
dbo,Teams,IX_Teams_Sport,NO,NO,NONCLUSTERED,SportID,,
dbo,Teams,IX_Teams_Status,NO,NO,NONCLUSTERED,Status,,
dbo,Teams,PK_Teams,YES,YES,CLUSTERED,TeamID,,
dbo,TheGiuXe,PK_TheGiuXe,YES,YES,CLUSTERED,TheID,,
dbo,ThongBao,IX_ThongBao_AccountID_ThoiGian,NO,NO,NONCLUSTERED,"DaDoc, IsDeleted, AccountID, ThoiGianGui",,
dbo,ThongBao,IX_ThongBao_Unread,NO,NO,NONCLUSTERED,"AccountID, DaDoc",,
dbo,ThongBao,PK_ThongBao,YES,YES,CLUSTERED,ThongBaoID,,
dbo,ThongBao,UQ_ThongBao_Account_Loai_MaBanGhi,YES,NO,NONCLUSTERED,"AccountID, LoaiThongBao, MaBanGhi",,
dbo,YeuCauNghi,PK_YeuCauNghi,YES,YES,CLUSTERED,YeuCauNghiID,,
dbo,YeuCauNghi,idx_YeuCauNghi_AccountID,NO,NO,NONCLUSTERED,AccountID,,
dbo,YeuCauNghi,idx_YeuCauNghi_CoSoID_TrangThai,NO,NO,NONCLUSTERED,"CoSoID, TrangThai",,
dbo,YeuCauNghi,idx_YeuCauNghi_NgayNghi,NO,NO,NONCLUSTERED,NgayNghi,,
dbo,YeuCauNghi,idx_YeuCauNghi_TrangThai,NO,NO,NONCLUSTERED,TrangThai,,
dbo,YeuCauNghi_Audit,PK_YeuCauNghi_Audit,YES,YES,CLUSTERED,AuditID,,
dbo,YeuCauNghi_Audit,idx_YeuCauNghiAudit_YeuCauNghiID,NO,NO,NONCLUSTERED,YeuCauNghiID,,
dbo,YeuCauSOS,PK_YeuCauSOS,YES,YES,CLUSTERED,YeuCauSOSID,,
dbo,YeuCauUngLuong,IX_YeuCauUngLuong_Account,NO,NO,NONCLUSTERED,"AccountID, CreatedAt DESC",,
dbo,YeuCauUngLuong,IX_YeuCauUngLuong_CoSo_TrangThai,NO,NO,NONCLUSTERED,"CoSoID, TrangThai, CreatedAt DESC",,
dbo,YeuCauUngLuong,PK_YeuCauUngLuong,YES,YES,CLUSTERED,YeuCauUngLuongID,,
